STATION,DATE,LATITUDE,LONGITUDE,ELEVATION,NAME,TEMP,TEMP_ATTRIBUTES,DEWP,DEWP_ATTRIBUTES,SLP,SLP_ATTRIBUTES,STP,STP_ATTRIBUTES,VISIB,VISIB_ATTRIBUTES,WDSP,WDSP_ATTRIBUTES,MXSPD,GUST,MAX,MAX_ATTRIBUTES,MIN,MIN_ATTRIBUTES,PRCP,PRCP_ATTRIBUTES,SNDP,FRSHTT
72306013722,1/1/2024,35.89227,-78.78194,120.5,"RALEIGH DURHAM INTERNATIONAL AIRPORT, NC US",44,24,31.1,24,1017.3,24,001.4,23,9.6,24,4.3,24,6,999.9,55, ,28.9, ,0,G,999.9,000000
72306013722,1/2/2024,35.89227,-78.78194,120.5,"RALEIGH DURHAM INTERNATIONAL AIRPORT, NC US",41.5,24,24.1,24,1021.5,24,005.4,24,10,24,3.3,24,8,15.9,53.1, ,30.9, ,0,G,999.9,000000
72306013722,1/3/2024,35.89227,-78.78194,120.5,"RALEIGH DURHAM INTERNATIONAL AIRPORT, NC US",39.7,24,26.4,24,1019.4,24,003.4,24,10,24,2.2,24,11.1,999.9,55.9, ,28, ,0,G,999.9,000000
72306013722,1/4/2024,35.89227,-78.78194,120.5,"RALEIGH DURHAM INTERNATIONAL AIRPORT, NC US",45.2,24,28.4,24,1017,24,001.1,24,10,24,5.4,24,12,19,55.9, ,28, ,0.01,G,999.9,010000
72306013722,1/5/2024,35.89227,-78.78194,120.5,"RALEIGH DURHAM INTERNATIONAL AIRPORT, NC US",35.3,24,18.5,24,1026.7,24,010.5,24,10,24,1.5,24,8,999.9,51.1, ,25, ,0,G,999.9,000000
72306013722,1/6/2024,35.89227,-78.78194,120.5,"RALEIGH DURHAM INTERNATIONAL AIRPORT, NC US",42.8,24,32.9,24,1014.9,24,998.9,24,8.1,24,5.8,24,15,27,57.9, ,25, ,0.04,G,999.9,010000
72306013722,1/7/2024,35.89227,-78.78194,120.5,"RALEIGH DURHAM INTERNATIONAL AIRPORT, NC US",48.8,24,37.8,24,1010.1,20,993.4,24,8.4,24,5.8,24,11.1,22.9,57.9, ,33.1, ,0.81,G,999.9,000000
72306013722,1/8/2024,35.89227,-78.78194,120.5,"RALEIGH DURHAM INTERNATIONAL AIRPORT, NC US",43.4,24,25.6,24,1026.3,24,010.2,24,10,24,3.3,24,12,999.9,57, ,30.9, ,0,G,999.9,000000
72306013722,1/9/2024,35.89227,-78.78194,120.5,"RALEIGH DURHAM INTERNATIONAL AIRPORT, NC US",49.4,24,41.1,24,1017.2,20,998.3,24,7.1,24,10.5,24,42.9,60,68, ,30.9, ,0.04,G,999.9,110000
72306013722,1/10/2024,35.89227,-78.78194,120.5,"RALEIGH DURHAM INTERNATIONAL AIRPORT, NC US",51.2,24,36,24,1000.8,24,984.6,24,9.9,24,13.4,24,21,34,68, ,41, ,1.48,G,999.9,010000
72306013722,1/11/2024,35.89227,-78.78194,120.5,"RALEIGH DURHAM INTERNATIONAL AIRPORT, NC US",42.8,24,30.3,24,1013.9,24,998,24,10,24,3.5,24,9.9,999.9,60.1, ,30.9, ,0,G,999.9,000000
72306013722,1/12/2024,35.89227,-78.78194,120.5,"RALEIGH DURHAM INTERNATIONAL AIRPORT, NC US",45.9,24,33.3,24,1016.1,24,000.2,24,10,24,4.3,24,15.9,26,61, ,30.9, ,0,G,999.9,010010
72306013722,1/13/2024,35.89227,-78.78194,120.5,"RALEIGH DURHAM INTERNATIONAL AIRPORT, NC US",55.8,24,41,24,1002.4,22,985.8,24,9.2,24,12.3,24,19,35,64.9,*,46.9,*,1,G,999.9,110000
72306013722,1/14/2024,35.89227,-78.78194,120.5,"RALEIGH DURHAM INTERNATIONAL AIRPORT, NC US",42.5,24,22.6,24,1016.7,24,000.7,24,10,24,7.6,24,15.9,26,64.9, ,28.9, ,0,G,999.9,000000
72306013722,1/15/2024,35.89227,-78.78194,120.5,"RALEIGH DURHAM INTERNATIONAL AIRPORT, NC US",43.4,24,27.2,24,1020.4,24,004.3,24,10,24,4.6,24,8.9,999.9,59, ,28.9, ,0,G,999.9,010000
72306013722,1/16/2024,35.89227,-78.78194,120.5,"RALEIGH DURHAM INTERNATIONAL AIRPORT, NC US",38.1,24,31.5,24,1013.6,18,997,24,6.9,24,3.7,24,7,17.1,51.1, ,34, ,0,G,999.9,110000
72306013722,1/17/2024,35.89227,-78.78194,120.5,"RALEIGH DURHAM INTERNATIONAL AIRPORT, NC US",28.3,24,7.7,24,1020.9,24,004.6,24,10,24,4.5,24,12,17.1,39.9, ,18, ,0.2,G,999.9,000000
72306013722,1/18/2024,35.89227,-78.78194,120.5,"RALEIGH DURHAM INTERNATIONAL AIRPORT, NC US",36,24,13.7,24,1023.8,24,007.5,24,10,24,5.1,24,13,999.9,54, ,18, ,0,G,999.9,000000
72306013722,1/19/2024,35.89227,-78.78194,120.5,"RALEIGH DURHAM INTERNATIONAL AIRPORT, NC US",45.3,24,25.8,24,1011.3,24,995.5,24,10,24,5.2,24,15,29.9,54, ,24.1, ,0.01,G,999.9,010000
72306013722,1/20/2024,35.89227,-78.78194,120.5,"RALEIGH DURHAM INTERNATIONAL AIRPORT, NC US",31.4,24,8.1,24,1021.5,24,005.4,24,10,24,6.3,24,15,25.1,54, ,26.1, ,0,I,999.9,000000
72306013722,1/21/2024,35.89227,-78.78194,120.5,"RALEIGH DURHAM INTERNATIONAL AIRPORT, NC US",27.6,24,4.7,24,1032.5,24,016.0,24,10,24,5.2,24,11.1,20,42.1, ,18, ,0,G,999.9,000000
72306013722,1/22/2024,35.89227,-78.78194,120.5,"RALEIGH DURHAM INTERNATIONAL AIRPORT, NC US",33,24,12.8,24,1036.7,24,020.2,24,10,24,2.4,24,8.9,999.9,52, ,18, ,0,G,999.9,000000
72306013722,1/23/2024,35.89227,-78.78194,120.5,"RALEIGH DURHAM INTERNATIONAL AIRPORT, NC US",41.4,24,21.3,24,1034.2,24,017.9,24,10,24,0.7,24,5.1,999.9,52, ,19.9, ,0,G,999.9,010000
72306013722,1/24/2024,35.89227,-78.78194,120.5,"RALEIGH DURHAM INTERNATIONAL AIRPORT, NC US",55.3,24,44.3,24,1030.2,24,014.2,24,10,24,3.2,24,12,21,73, ,32, ,0.01,G,999.9,010000
72306013722,1/25/2024,35.89227,-78.78194,120.5,"RALEIGH DURHAM INTERNATIONAL AIRPORT, NC US",66.7,24,61.6,24,1023.1,21,007.8,24,6.5,24,7.9,24,11.1,17.1,69.1,*,64,*,0.01,G,999.9,010000
72306013722,1/26/2024,35.89227,-78.78194,120.5,"RALEIGH DURHAM INTERNATIONAL AIRPORT, NC US",69.2,24,62.9,24,1018.4,21,003.2,24,9.2,24,8.4,24,14,20,73.9, ,64, ,0.12,G,999.9,010000
72306013722,1/27/2024,35.89227,-78.78194,120.5,"RALEIGH DURHAM INTERNATIONAL AIRPORT, NC US",61.3,24,54.3,24,1019.3,23,003.6,24,9.4,24,3.4,24,8.9,999.9,73.9, ,53.1, ,0.02,G,999.9,110000
72306013722,1/28/2024,35.89227,-78.78194,120.5,"RALEIGH DURHAM INTERNATIONAL AIRPORT, NC US",58.7,24,52.3,24,1007.4,16,992,24,6.9,24,8.5,24,13,26,70, ,52, ,0.47,G,999.9,110000
72306013722,1/29/2024,35.89227,-78.78194,120.5,"RALEIGH DURHAM INTERNATIONAL AIRPORT, NC US",49.7,24,30.6,24,1011.7,24,995.9,24,10,24,5.8,24,9.9,21,68, ,44.1, ,0.05,G,999.9,000000
72306013722,1/30/2024,35.89227,-78.78194,120.5,"RALEIGH DURHAM INTERNATIONAL AIRPORT, NC US",42.8,24,27.8,24,1020,24,004.0,24,10,24,3.3,24,7,999.9,59, ,30, ,0,G,999.9,000000
72306013722,1/31/2024,35.89227,-78.78194,120.5,"RALEIGH DURHAM INTERNATIONAL AIRPORT, NC US",44.2,24,36.2,24,1017,22,001.0,24,9,24,5.1,24,8,999.9,55, ,30, ,0.23,G,999.9,010000
72306013722,2/1/2024,35.89227,-78.78194,120.5,"RALEIGH DURHAM INTERNATIONAL AIRPORT, NC US",44.9,24,35.1,24,1019.2,24,003.2,24,10,24,2.3,24,9.9,15,59, ,35.1, ,0,I,999.9,100000
72306013722,2/2/2024,35.89227,-78.78194,120.5,"RALEIGH DURHAM INTERNATIONAL AIRPORT, NC US",50.6,24,36.3,24,1012.8,24,997.1,24,10,24,4.5,24,13,21,66.9, ,35.1, ,0,G,999.9,000000
72306013722,2/3/2024,35.89227,-78.78194,120.5,"RALEIGH DURHAM INTERNATIONAL AIRPORT, NC US",44.9,24,28.3,24,1017,24,001.1,24,10,24,4.8,24,13,15,66.9, ,30.9, ,0,G,999.9,000000
72306013722,2/4/2024,35.89227,-78.78194,120.5,"RALEIGH DURHAM INTERNATIONAL AIRPORT, NC US",41.8,24,27.4,24,1016.1,24,000.1,24,10,24,2.8,24,12,999.9,55.9, ,28, ,0,G,999.9,000000
72306013722,2/5/2024,35.89227,-78.78194,120.5,"RALEIGH DURHAM INTERNATIONAL AIRPORT, NC US",44.6,24,26.7,24,1011.4,24,995.5,24,10,24,5.4,24,12,18.1,59, ,28, ,0,G,999.9,000000
72306013722,2/6/2024,35.89227,-78.78194,120.5,"RALEIGH DURHAM INTERNATIONAL AIRPORT, NC US",43.2,24,24.7,24,1015.6,24,999.7,24,10,24,8.7,24,14,22.9,59, ,33.1, ,0,G,999.9,000000
72306013722,2/7/2024,35.89227,-78.78194,120.5,"RALEIGH DURHAM INTERNATIONAL AIRPORT, NC US",40.7,24,17.9,24,1023.8,24,007.7,24,10,24,5.6,24,9.9,20,55, ,28.9, ,0,G,999.9,000000
72306013722,2/8/2024,35.89227,-78.78194,120.5,"RALEIGH DURHAM INTERNATIONAL AIRPORT, NC US",42.5,24,26.8,24,1026.5,24,010.3,24,10,24,1.2,23,7,999.9,61, ,28.9, ,0,G,999.9,000000
72306013722,2/9/2024,35.89227,-78.78194,120.5,"RALEIGH DURHAM INTERNATIONAL AIRPORT, NC US",50.7,24,32.8,24,1022.2,24,006.4,24,10,24,6.2,24,9.9,999.9,57.9,*,46,*,0,G,999.9,000000
72306013722,2/10/2024,35.89227,-78.78194,120.5,"RALEIGH DURHAM INTERNATIONAL AIRPORT, NC US",60.4,24,50,24,1017,24,001.3,24,9.8,24,7.6,24,18.1,27,75.9, ,45, ,0.06,G,999.9,010000
72306013722,2/11/2024,35.89227,-78.78194,120.5,"RALEIGH DURHAM INTERNATIONAL AIRPORT, NC US",61.6,24,55.1,24,1012.9,18,997.1,24,7.9,24,4.2,24,12,21,75.9, ,51.1, ,0.01,G,999.9,010000
72306013722,2/12/2024,35.89227,-78.78194,120.5,"RALEIGH DURHAM INTERNATIONAL AIRPORT, NC US",57.9,24,54.9,24,1010.9,17,994.7,24,5.5,24,2.7,24,9.9,14,61,*,55.4,*,0.3,G,999.9,010000
72306013722,2/13/2024,35.89227,-78.78194,120.5,"RALEIGH DURHAM INTERNATIONAL AIRPORT, NC US",57.7,24,42.5,24,1004.6,21,987.4,24,9.6,24,8.8,24,14,28.9,62.1, ,48.9, ,0.76,G,999.9,010010
72306013722,2/14/2024,35.89227,-78.78194,120.5,"RALEIGH DURHAM INTERNATIONAL AIRPORT, NC US",46.9,24,27.4,24,1019.6,24,003.6,24,10,24,3.5,24,8.9,22,63, ,35.1, ,0.59,G,999.9,000000
72306013722,2/15/2024,35.89227,-78.78194,120.5,"RALEIGH DURHAM INTERNATIONAL AIRPORT, NC US",49.9,24,32.7,24,1021.3,24,005.3,24,10,24,4.7,24,15,27,69.1, ,34, ,0,G,999.9,000000
72306013722,2/16/2024,35.89227,-78.78194,120.5,"RALEIGH DURHAM INTERNATIONAL AIRPORT, NC US",54.6,24,28.5,24,1015.5,24,999.7,24,10,24,4.7,24,9.9,17.1,69.1, ,34, ,0,G,999.9,000000
72306013722,2/17/2024,35.89227,-78.78194,120.5,"RALEIGH DURHAM INTERNATIONAL AIRPORT, NC US",51,24,30.2,24,1009.9,24,994.2,24,10,24,6.5,24,8.9,20,62.1, ,41, ,0,G,999.9,000000
72306013722,2/18/2024,35.89227,-78.78194,120.5,"RALEIGH DURHAM INTERNATIONAL AIRPORT, NC US",38.6,24,14.2,24,1017.9,24,001.9,24,10,24,3.9,24,9.9,999.9,53.1, ,28.9, ,0,G,999.9,000000
72306013722,2/19/2024,35.89227,-78.78194,120.5,"RALEIGH DURHAM INTERNATIONAL AIRPORT, NC US",42.3,24,20,24,1019.5,24,003.5,24,10,24,3.2,24,9.9,999.9,57.9, ,27, ,0,G,999.9,000000
72306013722,2/20/2024,35.89227,-78.78194,120.5,"RALEIGH DURHAM INTERNATIONAL AIRPORT, NC US",43.1,24,25.1,24,1026,24,009.9,24,10,24,4.3,24,9.9,15,57.9, ,27, ,0,G,999.9,000000
72306013722,2/21/2024,35.89227,-78.78194,120.5,"RALEIGH DURHAM INTERNATIONAL AIRPORT, NC US",43.2,24,27.6,24,1027.5,24,011.4,24,10,24,4.8,24,11.1,18.1,57.9, ,28.9, ,0,G,999.9,000000
72306013722,2/22/2024,35.89227,-78.78194,120.5,"RALEIGH DURHAM INTERNATIONAL AIRPORT, NC US",49.4,24,30.5,24,1018.6,24,002.7,24,10,24,6.5,24,18.1,26,68, ,30.9, ,0,G,999.9,000000
72306013722,2/23/2024,35.89227,-78.78194,120.5,"RALEIGH DURHAM INTERNATIONAL AIRPORT, NC US",55.3,24,42.6,24,1003.2,21,987.2,24,7.6,24,9.3,24,17.1,26,61,*,52,*,0.03,G,999.9,010000
72306013722,2/24/2024,35.89227,-78.78194,120.5,"RALEIGH DURHAM INTERNATIONAL AIRPORT, NC US",47.3,24,37.9,24,1005.8,24,989.7,24,9.6,24,3.4,24,11.1,27,59, ,36, ,0.25,G,999.9,110000
72306013722,2/25/2024,35.89227,-78.78194,120.5,"RALEIGH DURHAM INTERNATIONAL AIRPORT, NC US",44.2,24,30.5,24,1019,24,003.2,24,10,24,3.6,24,8.9,999.9,59, ,34, ,0.08,G,999.9,000000
72306013722,2/26/2024,35.89227,-78.78194,120.5,"RALEIGH DURHAM INTERNATIONAL AIRPORT, NC US",52.2,24,33.5,24,1019.7,24,003.7,24,10,24,7.4,24,18.1,22,72, ,34, ,0,G,999.9,000000
72306013722,2/27/2024,35.89227,-78.78194,120.5,"RALEIGH DURHAM INTERNATIONAL AIRPORT, NC US",58,24,41.4,24,1016.5,24,000.9,24,9.8,24,8.9,24,15,27,72, ,39.9, ,0,G,999.9,010000
72306013722,2/28/2024,35.89227,-78.78194,120.5,"RALEIGH DURHAM INTERNATIONAL AIRPORT, NC US",64.2,24,50.3,24,1011.3,24,995.8,24,10,24,13.9,24,24.1,34,72, ,52, ,0.05,G,999.9,010000
72306013722,2/29/2024,35.89227,-78.78194,120.5,"RALEIGH DURHAM INTERNATIONAL AIRPORT, NC US",49.1,24,23,24,1025.4,24,009.5,24,10,24,5.6,24,22.9,44.1,72, ,37.9, ,0.37,G,999.9,110000
72306013722,3/1/2024,35.89227,-78.78194,120.5,"RALEIGH DURHAM INTERNATIONAL AIRPORT, NC US",46.1,24,29.6,24,1031.8,24,015.6,24,9.9,24,4.7,24,13,21,57.9, ,35.1, ,0,G,999.9,010000
72306013722,3/2/2024,35.89227,-78.78194,120.5,"RALEIGH DURHAM INTERNATIONAL AIRPORT, NC US",55.7,24,49.7,24,1022,17,006.5,24,5.8,24,4.5,24,13,999.9,68, ,35.1, ,1,G,999.9,010000
72306013722,3/3/2024,35.89227,-78.78194,120.5,"RALEIGH DURHAM INTERNATIONAL AIRPORT, NC US",60.1,24,52.1,24,1021.4,22,005.7,24,10,24,2.5,24,8.9,999.9,73.9, ,51.1, ,0.49,G,999.9,000000
72306013722,3/4/2024,35.89227,-78.78194,120.5,"RALEIGH DURHAM INTERNATIONAL AIRPORT, NC US",60.3,24,51.2,24,1021.6,22,006.2,24,9.9,24,4.8,24,12,20,73.9, ,48.9, ,0,G,999.9,000000
72306013722,3/5/2024,35.89227,-78.78194,120.5,"RALEIGH DURHAM INTERNATIONAL AIRPORT, NC US",59.2,24,52.9,24,1018.8,19,003.3,24,9.2,24,3.6,24,9.9,19,72, ,48.9, ,0.05,G,999.9,010000
72306013722,3/6/2024,35.89227,-78.78194,120.5,"RALEIGH DURHAM INTERNATIONAL AIRPORT, NC US",58.1,24,54.2,24,1012.4,22,996.9,24,6.7,24,5.3,24,11.1,999.9,66.9, ,55, ,0.29,B,999.9,110000
72306013722,3/7/2024,35.89227,-78.78194,120.5,"RALEIGH DURHAM INTERNATIONAL AIRPORT, NC US",61.4,24,52.9,24,1011.7,24,995.8,24,8.9,24,2.8,24,6,999.9,72, ,55, ,0,H,999.9,010000
72306013722,3/8/2024,35.89227,-78.78194,120.5,"RALEIGH DURHAM INTERNATIONAL AIRPORT, NC US",58.9,24,47.8,24,1020.8,24,005.1,24,10,24,6.6,24,9.9,15.9,72, ,52, ,0,G,999.9,000000
72306013722,3/9/2024,35.89227,-78.78194,120.5,"RALEIGH DURHAM INTERNATIONAL AIRPORT, NC US",56.8,24,50.4,24,1014.3,19,997.8,24,7.7,24,9.4,24,15,24.1,70, ,48, ,0.19,G,999.9,010000
72306013722,3/10/2024,35.89227,-78.78194,120.5,"RALEIGH DURHAM INTERNATIONAL AIRPORT, NC US",55,24,39.2,24,1006.8,22,990.7,24,10,24,7,24,15.9,28.9,70, ,48, ,0.53,G,999.9,000000
72306013722,3/11/2024,35.89227,-78.78194,120.5,"RALEIGH DURHAM INTERNATIONAL AIRPORT, NC US",49.1,24,17.5,24,1018,24,002.2,24,10,24,6.1,24,15,24.1,63, ,36, ,0,G,999.9,000000
72306013722,3/12/2024,35.89227,-78.78194,120.5,"RALEIGH DURHAM INTERNATIONAL AIRPORT, NC US",53.8,24,27.5,24,1018.8,24,003.0,24,10,24,3.4,24,12,18.1,75, ,35.1, ,0,G,999.9,000000
72306013722,3/13/2024,35.89227,-78.78194,120.5,"RALEIGH DURHAM INTERNATIONAL AIRPORT, NC US",60.7,24,31.5,24,1015,24,999.4,24,10,24,2.6,24,8,18.1,78.1, ,35.1, ,0,G,999.9,000000
72306013722,3/14/2024,35.89227,-78.78194,120.5,"RALEIGH DURHAM INTERNATIONAL AIRPORT, NC US",63,24,38.6,24,1017.2,24,001.5,24,10,24,3,24,11.1,19,82.9, ,42.1, ,0,G,999.9,000000
72306013722,3/15/2024,35.89227,-78.78194,120.5,"RALEIGH DURHAM INTERNATIONAL AIRPORT, NC US",67.1,24,47.4,24,1014.2,24,998.7,24,9.7,24,9.5,24,18.1,25.1,82.9, ,45, ,0,G,999.9,010000
72306013722,3/16/2024,35.89227,-78.78194,120.5,"RALEIGH DURHAM INTERNATIONAL AIRPORT, NC US",64,24,52.9,24,1010.8,22,995.6,24,9.6,24,4.6,24,8,999.9,73.9, ,57, ,0,G,999.9,000000
72306013722,3/17/2024,35.89227,-78.78194,120.5,"RALEIGH DURHAM INTERNATIONAL AIRPORT, NC US",65.2,24,50.4,24,1007,24,991.6,24,9.5,24,7.2,24,11.1,20,73.9, ,57.9, ,0,G,999.9,000000
72306013722,3/18/2024,35.89227,-78.78194,120.5,"RALEIGH DURHAM INTERNATIONAL AIRPORT, NC US",59.6,24,31.4,24,1007.5,24,992,24,10,24,6,24,9.9,18.1,73, ,52, ,0,G,999.9,000000
72306013722,3/19/2024,35.89227,-78.78194,120.5,"RALEIGH DURHAM INTERNATIONAL AIRPORT, NC US",46,24,19.4,24,1014.9,24,999,24,10,24,7,24,14,25.1,64, ,34, ,0,G,999.9,000000
72306013722,3/20/2024,35.89227,-78.78194,120.5,"RALEIGH DURHAM INTERNATIONAL AIRPORT, NC US",54.6,24,27.2,24,1011.1,24,995.4,24,10,24,8.3,24,21,28.9,73, ,34, ,0,G,999.9,000000
72306013722,3/21/2024,35.89227,-78.78194,120.5,"RALEIGH DURHAM INTERNATIONAL AIRPORT, NC US",56,24,30.2,24,1017.8,24,002.1,24,10,24,4.6,24,12,19,73, ,37.9, ,0,G,999.9,000000
72306013722,3/22/2024,35.89227,-78.78194,120.5,"RALEIGH DURHAM INTERNATIONAL AIRPORT, NC US",54.5,24,41.6,24,1022.2,21,006.4,24,9.7,24,5.6,24,11.1,19,71.1, ,42.1, ,0,G,999.9,010010
72306013722,3/23/2024,35.89227,-78.78194,120.5,"RALEIGH DURHAM INTERNATIONAL AIRPORT, NC US",60.8,24,54.3,24,1008.2,19,992.9,24,7.9,24,6.6,24,11.1,22,71.1, ,42.1, ,0.77,G,999.9,010000
72306013722,3/24/2024,35.89227,-78.78194,120.5,"RALEIGH DURHAM INTERNATIONAL AIRPORT, NC US",48.1,24,26.8,24,1019,24,003.2,24,10,24,9.2,24,14,22.9,69.1, ,36, ,0.01,G,999.9,000000
72306013722,3/25/2024,35.89227,-78.78194,120.5,"RALEIGH DURHAM INTERNATIONAL AIRPORT, NC US",47,24,29.4,24,1025.8,24,009.8,24,10,24,4.6,24,8,999.9,63, ,33.1, ,0,G,999.9,000000
72306013722,3/26/2024,35.89227,-78.78194,120.5,"RALEIGH DURHAM INTERNATIONAL AIRPORT, NC US",50.6,24,34.5,24,1021.2,24,005.4,24,10,24,4.6,24,8,19,63, ,33.1, ,0,G,999.9,000000
72306013722,3/27/2024,35.89227,-78.78194,120.5,"RALEIGH DURHAM INTERNATIONAL AIRPORT, NC US",53.6,24,47.3,24,1016,18,000.3,24,6.9,24,6.5,24,9.9,17.1,59,*,51.1,*,0.05,G,999.9,010010
72306013722,3/28/2024,35.89227,-78.78194,120.5,"RALEIGH DURHAM INTERNATIONAL AIRPORT, NC US",52.5,24,47.8,24,1013.6,19,998.1,24,6,24,6,24,9.9,18.1,59,*,50,*,1.46,G,999.9,010010
72306013722,3/29/2024,35.89227,-78.78194,120.5,"RALEIGH DURHAM INTERNATIONAL AIRPORT, NC US",55.3,24,32.8,24,1016.3,24,000.5,24,10,24,5.9,24,17.1,26,71.1,*,41,*,0.21,G,999.9,000000
72306013722,3/30/2024,35.89227,-78.78194,120.5,"RALEIGH DURHAM INTERNATIONAL AIRPORT, NC US",61,24,37,24,1014.9,24,999.3,24,10,24,6.9,24,18.1,28,77,*,46,*,0,G,999.9,000000
72306013722,3/31/2024,35.89227,-78.78194,120.5,"RALEIGH DURHAM INTERNATIONAL AIRPORT, NC US",67.9,24,44.9,24,1012.6,24,997,24,10,24,7.1,24,15,21,84.9,*,53.1,*,0,G,999.9,000000
72306013722,4/1/2024,35.89227,-78.78194,120.5,"RALEIGH DURHAM INTERNATIONAL AIRPORT, NC US",70.6,24,54.4,24,1011.9,24,996.5,24,10,24,7.9,24,12,20,84.9, ,53.1, ,0,G,999.9,000000
72306013722,4/2/2024,35.89227,-78.78194,120.5,"RALEIGH DURHAM INTERNATIONAL AIRPORT, NC US",74.2,24,60.1,24,1008.4,24,993.1,24,10,24,9,24,17.1,27,86, ,60.1, ,0,G,999.9,000000
72306013722,4/3/2024,35.89227,-78.78194,120.5,"RALEIGH DURHAM INTERNATIONAL AIRPORT, NC US",72.7,24,61.6,24,997.2,22,982,24,9.3,24,12.7,24,21,33,86, ,66, ,0.31,G,999.9,010010
72306013722,4/4/2024,35.89227,-78.78194,120.5,"RALEIGH DURHAM INTERNATIONAL AIRPORT, NC US",55.9,24,31.4,24,999.2,24,983.8,24,10,24,8.7,24,17.1,29.9,77, ,45, ,0.05,G,999.9,000000
72306013722,4/5/2024,35.89227,-78.78194,120.5,"RALEIGH DURHAM INTERNATIONAL AIRPORT, NC US",50.6,24,29.7,24,1009.8,24,994.1,24,10,24,4.6,24,12,22,63, ,37.9, ,0,G,999.9,000000
72306013722,4/6/2024,35.89227,-78.78194,120.5,"RALEIGH DURHAM INTERNATIONAL AIRPORT, NC US",51.5,24,27.5,24,1015.8,24,000.0,24,10,24,5.3,24,9.9,22,63, ,37.9, ,0,G,999.9,000000
72306013722,4/7/2024,35.89227,-78.78194,120.5,"RALEIGH DURHAM INTERNATIONAL AIRPORT, NC US",52.7,24,31.1,24,1019.4,24,003.6,24,10,24,2.1,24,6,999.9,69.1, ,36, ,0,G,999.9,000000
72306013722,4/8/2024,35.89227,-78.78194,120.5,"RALEIGH DURHAM INTERNATIONAL AIRPORT, NC US",59.8,24,40.5,24,1021.3,24,005.5,24,10,24,3.9,24,9.9,19,77, ,36, ,0,G,999.9,000000
72306013722,4/9/2024,35.89227,-78.78194,120.5,"RALEIGH DURHAM INTERNATIONAL AIRPORT, NC US",63.7,24,51.4,24,1020.7,24,005.0,24,10,24,8.1,24,15,25.1,77, ,43, ,0,G,999.9,010000
72306013722,4/10/2024,35.89227,-78.78194,120.5,"RALEIGH DURHAM INTERNATIONAL AIRPORT, NC US",65.1,24,57,24,1018.2,24,002.8,24,9.8,24,5.5,24,12,21,75, ,57, ,0.03,G,999.9,010000
72306013722,4/11/2024,35.89227,-78.78194,120.5,"RALEIGH DURHAM INTERNATIONAL AIRPORT, NC US",69.3,24,60.5,24,1008.4,23,993.5,24,10,24,10.7,24,22,39,77, ,59, ,0.03,G,999.9,010000
72306013722,4/12/2024,35.89227,-78.78194,120.5,"RALEIGH DURHAM INTERNATIONAL AIRPORT, NC US",67.2,24,49.1,24,1003.1,24,987.3,24,9.7,24,14.3,24,25.1,39,77, ,59, ,0.24,G,999.9,010000
72306013722,4/13/2024,35.89227,-78.78194,120.5,"RALEIGH DURHAM INTERNATIONAL AIRPORT, NC US",61.2,24,36.7,24,1014.7,24,999.1,24,10,24,9.3,24,15,28,73.9, ,50, ,0.01,G,999.9,000000
72306013722,4/14/2024,35.89227,-78.78194,120.5,"RALEIGH DURHAM INTERNATIONAL AIRPORT, NC US",63.7,24,41.1,24,1017.6,24,001.9,24,10,24,5.2,24,18.1,27,82.9, ,44.1, ,0,G,999.9,000000
72306013722,4/15/2024,35.89227,-78.78194,120.5,"RALEIGH DURHAM INTERNATIONAL AIRPORT, NC US",73.5,24,48.9,24,1013.4,24,998.1,24,9.9,24,8.4,24,15,22.9,89.6,*,59,*,0,G,999.9,000000
72306013722,4/16/2024,35.89227,-78.78194,120.5,"RALEIGH DURHAM INTERNATIONAL AIRPORT, NC US",73.1,24,55.7,24,1017.1,24,001.7,24,10,24,5.9,24,8.9,21,89.1, ,57.9, ,0,G,999.9,000000
72306013722,4/17/2024,35.89227,-78.78194,120.5,"RALEIGH DURHAM INTERNATIONAL AIRPORT, NC US",70.2,24,54.8,24,1018.8,24,003.3,24,10,24,7,24,12,999.9,82.9, ,60.1, ,0,G,999.9,010000
72306013722,4/18/2024,35.89227,-78.78194,120.5,"RALEIGH DURHAM INTERNATIONAL AIRPORT, NC US",74.4,24,54.4,24,1015.4,24,000.0,24,10,24,6.3,24,12,15.9,87.1, ,61, ,0,G,999.9,000000
72306013722,4/19/2024,35.89227,-78.78194,120.5,"RALEIGH DURHAM INTERNATIONAL AIRPORT, NC US",68.7,24,56,24,1015.8,24,000.3,24,10,24,4.2,24,9.9,18.1,87.1, ,60.1, ,0,G,999.9,000000
72306013722,4/20/2024,35.89227,-78.78194,120.5,"RALEIGH DURHAM INTERNATIONAL AIRPORT, NC US",69.4,24,60.9,24,1014.6,23,999.2,24,8.2,24,2.8,24,7,999.9,79, ,60.1, ,0,G,999.9,100000
72306013722,4/21/2024,35.89227,-78.78194,120.5,"RALEIGH DURHAM INTERNATIONAL AIRPORT, NC US",59,24,46,24,1014.7,21,999.2,24,9.2,24,5.1,24,8.9,15.9,79, ,50, ,0,G,999.9,010000
72306013722,4/22/2024,35.89227,-78.78194,120.5,"RALEIGH DURHAM INTERNATIONAL AIRPORT, NC US",52.3,24,39.4,24,1018.8,23,002.8,24,10,24,5.5,24,12,19,63,*,45,*,0.27,G,999.9,000000
72306013722,4/23/2024,35.89227,-78.78194,120.5,"RALEIGH DURHAM INTERNATIONAL AIRPORT, NC US",54.6,24,37.5,24,1022.5,9,005.4,24,9.8,24,4.2,24,14,19,73,*,37,*,0,G,999.9,000000
72306013722,4/24/2024,35.89227,-78.78194,120.5,"RALEIGH DURHAM INTERNATIONAL AIRPORT, NC US",61.3,24,46.8,24,1016.6,19,001.2,24,9.7,24,6.9,24,13,999.9,68,*,53.1,*,0,G,999.9,010000
72306013722,4/25/2024,35.89227,-78.78194,120.5,"RALEIGH DURHAM INTERNATIONAL AIRPORT, NC US",61.6,24,50.3,24,1019.3,24,003.6,24,9.9,24,3.6,24,9.9,999.9,75.9, ,46.9, ,0.09,G,999.9,000000
72306013722,4/26/2024,35.89227,-78.78194,120.5,"RALEIGH DURHAM INTERNATIONAL AIRPORT, NC US",60.1,24,47.4,24,1025.5,24,009.7,24,10,24,7.5,24,13,24.1,75.9, ,46.9, ,0,G,999.9,000000
72306013722,4/27/2024,35.89227,-78.78194,120.5,"RALEIGH DURHAM INTERNATIONAL AIRPORT, NC US",65,24,50.8,24,1028.7,24,012.9,24,10,24,5.8,24,11.1,15.9,80.1, ,48.9, ,0,G,999.9,000000
72306013722,4/28/2024,35.89227,-78.78194,120.5,"RALEIGH DURHAM INTERNATIONAL AIRPORT, NC US",69.8,24,57.7,24,1025.2,24,009.5,24,9.9,24,8.7,24,14,20,81, ,55.9, ,0,G,999.9,000000
72306013722,4/29/2024,35.89227,-78.78194,120.5,"RALEIGH DURHAM INTERNATIONAL AIRPORT, NC US",71.1,24,56.6,24,1020.3,24,004.8,24,10,24,7.9,24,13,22,84.9, ,59, ,0,G,999.9,000000
72306013722,4/30/2024,35.89227,-78.78194,120.5,"RALEIGH DURHAM INTERNATIONAL AIRPORT, NC US",72.8,24,58.3,24,1016.1,24,000.7,24,10,24,8.8,24,13,20,84.9, ,59, ,0,G,999.9,000000
72306013722,5/1/2024,35.89227,-78.78194,120.5,"RALEIGH DURHAM INTERNATIONAL AIRPORT, NC US",74.2,23,59.7,23,1013.9,23,998.5,23,10,23,3.4,23,6,999.9,86, ,62.1, ,0.01,G,999.9,000000
72306013722,5/2/2024,35.89227,-78.78194,120.5,"RALEIGH DURHAM INTERNATIONAL AIRPORT, NC US",76,24,57.5,24,1015.1,24,999.7,24,9.7,24,1.9,24,6,999.9,91.9, ,61, ,0,I,999.9,000000
72306013722,5/3/2024,35.89227,-78.78194,120.5,"RALEIGH DURHAM INTERNATIONAL AIRPORT, NC US",78.1,24,61.9,24,1015.6,24,000.2,24,10,24,4.7,24,7,15,91.9, ,61, ,0,G,999.9,000000
72306013722,5/4/2024,35.89227,-78.78194,120.5,"RALEIGH DURHAM INTERNATIONAL AIRPORT, NC US",73.5,24,63.7,24,1017.8,17,002.5,24,8,24,5.6,24,8.9,999.9,90, ,66, ,0,G,999.9,010000
72306013722,5/5/2024,35.89227,-78.78194,120.5,"RALEIGH DURHAM INTERNATIONAL AIRPORT, NC US",69.7,24,65.7,24,1018.7,19,003.0,24,6.5,24,5.1,24,9.9,999.9,80.1, ,66, ,0.47,G,999.9,010000
72306013722,5/6/2024,35.89227,-78.78194,120.5,"RALEIGH DURHAM INTERNATIONAL AIRPORT, NC US",73.4,24,67.6,24,1016.3,19,001.0,24,8.4,24,6.8,24,14,25.1,81, ,66, ,0.34,G,999.9,010010
72306013722,5/7/2024,35.89227,-78.78194,120.5,"RALEIGH DURHAM INTERNATIONAL AIRPORT, NC US",73.5,24,65.5,24,1010.6,23,995.5,24,9.2,24,6.4,24,11.1,22,86, ,66, ,0.53,G,999.9,010000
72306013722,5/8/2024,35.89227,-78.78194,120.5,"RALEIGH DURHAM INTERNATIONAL AIRPORT, NC US",78.1,24,68.2,24,1007.9,24,992.6,24,10,24,5.9,24,9.9,15,89.1, ,66.9, ,0.01,G,999.9,010000
72306013722,5/9/2024,35.89227,-78.78194,120.5,"RALEIGH DURHAM INTERNATIONAL AIRPORT, NC US",73.2,24,65.2,24,1006.5,21,991.6,24,9.6,24,7.3,24,13,21,89.1, ,66.9, ,0.2,G,999.9,010010
72306013722,5/10/2024,35.89227,-78.78194,120.5,"RALEIGH DURHAM INTERNATIONAL AIRPORT, NC US",73.5,24,60.9,24,1003.7,24,988.5,24,10,24,6.8,24,12,22.9,82.9, ,64, ,0.19,G,999.9,010000
72306013722,5/11/2024,35.89227,-78.78194,120.5,"RALEIGH DURHAM INTERNATIONAL AIRPORT, NC US",64.6,24,47.5,24,1009.5,24,994,24,10,24,4.9,24,9.9,20,82.9, ,53.1, ,0,G,999.9,000000
72306013722,5/12/2024,35.89227,-78.78194,120.5,"RALEIGH DURHAM INTERNATIONAL AIRPORT, NC US",66,24,46.8,24,1011.5,24,996,24,10,24,4.4,24,12,24.1,78.1, ,52, ,0,G,999.9,000000
72306013722,5/13/2024,35.89227,-78.78194,120.5,"RALEIGH DURHAM INTERNATIONAL AIRPORT, NC US",65.9,24,49.4,24,1016.9,24,001.3,24,10,24,4.3,24,9.9,999.9,80.1, ,51.1, ,0,G,999.9,000000
72306013722,5/14/2024,35.89227,-78.78194,120.5,"RALEIGH DURHAM INTERNATIONAL AIRPORT, NC US",67.6,24,59.3,24,1014.5,20,998.1,24,7.5,24,6.6,24,12,22,80.1, ,51.1, ,0.01,G,999.9,010000
72306013722,5/15/2024,35.89227,-78.78194,120.5,"RALEIGH DURHAM INTERNATIONAL AIRPORT, NC US",66.2,24,60.3,24,1006.2,19,991,24,7.7,24,2.9,24,11.1,21,77,*,60.8,*,1.39,G,999.9,010000
72306013722,5/16/2024,35.89227,-78.78194,120.5,"RALEIGH DURHAM INTERNATIONAL AIRPORT, NC US",70.9,24,61.3,24,1007.6,22,992.2,24,9.7,24,2.8,24,6,15,82, ,61, ,0.09,G,999.9,010000
72306013722,5/17/2024,35.89227,-78.78194,120.5,"RALEIGH DURHAM INTERNATIONAL AIRPORT, NC US",73.2,24,64.3,24,1011.3,24,995.9,24,9.7,24,2.7,24,8.9,999.9,82, ,64, ,0.27,A,999.9,010000
72306013722,5/18/2024,35.89227,-78.78194,120.5,"RALEIGH DURHAM INTERNATIONAL AIRPORT, NC US",73,24,66.9,24,1011.3,18,996,24,9.5,24,6.6,24,13,18.1,82.9, ,64.9, ,0.08,C,999.9,010000
72306013722,5/19/2024,35.89227,-78.78194,120.5,"RALEIGH DURHAM INTERNATIONAL AIRPORT, NC US",66.3,24,59.5,24,1014,20,998.4,24,8.3,24,7.3,24,12,17.1,82.9, ,60.1, ,0.18,G,999.9,010010
72306013722,5/20/2024,35.89227,-78.78194,120.5,"RALEIGH DURHAM INTERNATIONAL AIRPORT, NC US",67.7,24,59.3,24,1016,21,000.6,24,8.1,24,4.2,24,11.1,15.9,79, ,57, ,0,G,999.9,100000
72306013722,5/21/2024,35.89227,-78.78194,120.5,"RALEIGH DURHAM INTERNATIONAL AIRPORT, NC US",71.2,24,59.3,24,1016.2,24,000.8,24,10,24,1.4,24,7,999.9,86, ,57, ,0,G,999.9,000000
72306013722,5/22/2024,35.89227,-78.78194,120.5,"RALEIGH DURHAM INTERNATIONAL AIRPORT, NC US",76.6,24,61.8,24,1016.1,24,000.7,24,10,24,5.5,24,8.9,15.9,89.1, ,57, ,0,G,999.9,000000
72306013722,5/23/2024,35.89227,-78.78194,120.5,"RALEIGH DURHAM INTERNATIONAL AIRPORT, NC US",78.7,24,64,24,1014.8,24,999.4,24,10,24,6.7,24,9.9,999.9,91, ,64, ,0,G,999.9,000000
72306013722,5/24/2024,35.89227,-78.78194,120.5,"RALEIGH DURHAM INTERNATIONAL AIRPORT, NC US",74.8,24,67.4,24,1012.2,24,996.9,24,9.7,24,2.8,24,8,18.1,91, ,68, ,0,G,999.9,010010
72306013722,5/25/2024,35.89227,-78.78194,120.5,"RALEIGH DURHAM INTERNATIONAL AIRPORT, NC US",76.5,24,66.8,24,1011.2,24,995.9,24,10,24,1.8,24,8,999.9,90, ,66.9, ,0.22,G,999.9,000000
72306013722,5/26/2024,35.89227,-78.78194,120.5,"RALEIGH DURHAM INTERNATIONAL AIRPORT, NC US",79.1,24,66.6,24,1011.3,24,996.1,24,9.8,24,3.1,24,8,999.9,93, ,66, ,0,G,999.9,000000
72306013722,5/27/2024,35.89227,-78.78194,120.5,"RALEIGH DURHAM INTERNATIONAL AIRPORT, NC US",77.5,24,68.8,24,1010,19,994.9,24,9.1,24,7.1,24,14,26,93, ,66, ,0.21,G,999.9,010010
72306013722,5/28/2024,35.89227,-78.78194,120.5,"RALEIGH DURHAM INTERNATIONAL AIRPORT, NC US",77.8,24,63.3,24,1011.6,24,996.4,24,10,24,4.1,24,9.9,999.9,88, ,69.1, ,0.23,G,999.9,000000
72306013722,5/29/2024,35.89227,-78.78194,120.5,"RALEIGH DURHAM INTERNATIONAL AIRPORT, NC US",74.1,24,56.7,24,1014.3,24,999,24,10,24,3.3,24,12,19,88, ,60.1, ,0,G,999.9,000000
72306013722,5/30/2024,35.89227,-78.78194,120.5,"RALEIGH DURHAM INTERNATIONAL AIRPORT, NC US",72.1,24,49.8,24,1017.1,24,001.7,24,10,24,4.3,24,8.9,15,86, ,59, ,0,G,999.9,000000
72306013722,5/31/2024,35.89227,-78.78194,120.5,"RALEIGH DURHAM INTERNATIONAL AIRPORT, NC US",68.2,24,44.9,24,1021.6,24,006.0,24,10,24,4.1,24,8.9,18.1,81, ,55.9, ,0,G,999.9,000000
72306013722,6/1/2024,35.89227,-78.78194,120.5,"RALEIGH DURHAM INTERNATIONAL AIRPORT, NC US",67.2,24,47.9,24,1023.9,24,008.2,24,10,24,2,24,6,15.9,84, ,50, ,0,G,999.9,000000
72306013722,6/2/2024,35.89227,-78.78194,120.5,"RALEIGH DURHAM INTERNATIONAL AIRPORT, NC US",73.5,24,58,24,1020.1,24,004.6,24,10,24,6.5,24,12,17.1,82,*,66.9,*,0,G,999.9,010000
72306013722,6/3/2024,35.89227,-78.78194,120.5,"RALEIGH DURHAM INTERNATIONAL AIRPORT, NC US",77,24,65.4,24,1015.5,23,000.3,24,10,24,7.2,24,13,19,89.1, ,66, ,0.08,G,999.9,010000
72306013722,6/4/2024,35.89227,-78.78194,120.5,"RALEIGH DURHAM INTERNATIONAL AIRPORT, NC US",79.8,24,66.9,24,1013.7,24,998.4,24,9.5,24,5.4,24,35.9,46,93, ,69.1, ,1.85,A,999.9,110000
72306013722,6/5/2024,35.89227,-78.78194,120.5,"RALEIGH DURHAM INTERNATIONAL AIRPORT, NC US",78.2,24,69.1,24,1012.5,24,997.3,24,10,24,6,24,11.1,17.1,93, ,70, ,0,I,999.9,000000
72306013722,6/6/2024,35.89227,-78.78194,120.5,"RALEIGH DURHAM INTERNATIONAL AIRPORT, NC US",79.2,24,68.2,24,1007.4,22,992.4,24,9.7,24,11.3,24,26,46,91, ,72, ,0,G,999.9,010000
72306013722,6/7/2024,35.89227,-78.78194,120.5,"RALEIGH DURHAM INTERNATIONAL AIRPORT, NC US",78.9,24,65.4,24,1006,24,990.8,24,9.9,24,5,24,13,31.1,91, ,71.1, ,0.32,G,999.9,010010
72306013722,6/8/2024,35.89227,-78.78194,120.5,"RALEIGH DURHAM INTERNATIONAL AIRPORT, NC US",76.7,24,54.4,24,1011.6,24,996.3,24,10,24,2.7,24,9.9,15,89.1, ,59, ,0,G,999.9,000000
72306013722,6/9/2024,35.89227,-78.78194,120.5,"RALEIGH DURHAM INTERNATIONAL AIRPORT, NC US",79,24,60.2,24,1008.8,24,993.5,24,10,24,6.3,24,11.1,18.1,91, ,59, ,0,G,999.9,000000
72306013722,6/10/2024,35.89227,-78.78194,120.5,"RALEIGH DURHAM INTERNATIONAL AIRPORT, NC US",75.9,24,57,24,1007.5,24,992.3,24,10,24,3.5,24,8.9,15,91, ,66.9, ,0,G,999.9,010000
72306013722,6/11/2024,35.89227,-78.78194,120.5,"RALEIGH DURHAM INTERNATIONAL AIRPORT, NC US",75,24,56.2,24,1011.3,24,995.9,24,10,24,4,24,7,999.9,86, ,64.9, ,0,G,999.9,000000
72306013722,6/12/2024,35.89227,-78.78194,120.5,"RALEIGH DURHAM INTERNATIONAL AIRPORT, NC US",75.1,24,60.8,24,1015.6,24,000.3,24,10,24,4.3,24,7,999.9,87.1, ,64.9, ,0,G,999.9,000000
72306013722,6/13/2024,35.89227,-78.78194,120.5,"RALEIGH DURHAM INTERNATIONAL AIRPORT, NC US",79.5,24,63.3,24,1016.2,24,000.9,24,10,24,3.4,24,8,999.9,90, ,66, ,0,G,999.9,000000
72306013722,6/14/2024,35.89227,-78.78194,120.5,"RALEIGH DURHAM INTERNATIONAL AIRPORT, NC US",80.6,24,63.9,24,1013.8,24,998.5,24,10,24,2.9,24,7,999.9,93.9, ,66, ,0,G,999.9,000000
72306013722,6/15/2024,35.89227,-78.78194,120.5,"RALEIGH DURHAM INTERNATIONAL AIRPORT, NC US",82.2,24,64.1,24,1014,24,998.8,24,10,24,4.5,24,9.9,17.1,93.9, ,66, ,0.01,G,999.9,010000
72306013722,6/16/2024,35.89227,-78.78194,120.5,"RALEIGH DURHAM INTERNATIONAL AIRPORT, NC US",81.2,24,60.1,24,1019.9,24,004.5,24,10,24,6.5,24,9.9,15,93, ,70, ,0,I,999.9,000000
72306013722,6/17/2024,35.89227,-78.78194,120.5,"RALEIGH DURHAM INTERNATIONAL AIRPORT, NC US",81.6,24,63.5,24,1021.7,24,006.3,24,9.9,24,5.4,24,8,999.9,91.9, ,70, ,0,G,999.9,000000
72306013722,6/18/2024,35.89227,-78.78194,120.5,"RALEIGH DURHAM INTERNATIONAL AIRPORT, NC US",81.8,24,63.4,24,1022.6,24,007.2,24,10,24,5.4,24,9.9,17.1,91.9, ,70, ,0,G,999.9,000000
72306013722,6/19/2024,35.89227,-78.78194,120.5,"RALEIGH DURHAM INTERNATIONAL AIRPORT, NC US",80,24,61.8,24,1025.2,24,009.8,24,10,24,4.1,24,8,999.9,91.9, ,64.9, ,0,G,999.9,000000
72306013722,6/20/2024,35.89227,-78.78194,120.5,"RALEIGH DURHAM INTERNATIONAL AIRPORT, NC US",79.8,24,62.6,24,1026.1,24,010.7,24,10,24,3.5,24,7,15.9,91, ,64.9, ,0,G,999.9,000000
72306013722,6/21/2024,35.89227,-78.78194,120.5,"RALEIGH DURHAM INTERNATIONAL AIRPORT, NC US",81.2,24,62.5,24,1023.7,24,008.3,24,10,24,2.2,24,7,999.9,96.1, ,66.9, ,0,G,999.9,000000
72306013722,6/22/2024,35.89227,-78.78194,120.5,"RALEIGH DURHAM INTERNATIONAL AIRPORT, NC US",84.8,24,68.2,24,1019.2,23,004.1,24,10,24,5.9,24,12,19,98.1, ,66.9, ,0,G,999.9,000000
72306013722,6/23/2024,35.89227,-78.78194,120.5,"RALEIGH DURHAM INTERNATIONAL AIRPORT, NC US",87.2,24,70.1,24,1013.2,21,998.4,24,10,24,9.6,24,15.9,26,100, ,73.9, ,0,G,999.9,000000
72306013722,6/24/2024,35.89227,-78.78194,120.5,"RALEIGH DURHAM INTERNATIONAL AIRPORT, NC US",88.2,24,70.1,24,1008.5,24,993.4,24,10,24,8.3,24,13,20,100, ,78.1, ,0,G,999.9,000000
72306013722,6/25/2024,35.89227,-78.78194,120.5,"RALEIGH DURHAM INTERNATIONAL AIRPORT, NC US",85,24,61.9,24,1013.6,24,998.4,24,10,24,4.9,24,9.9,17.1,98.1, ,72, ,0,G,999.9,000000
72306013722,6/26/2024,35.89227,-78.78194,120.5,"RALEIGH DURHAM INTERNATIONAL AIRPORT, NC US",88.4,24,68.9,24,1011.4,23,996.5,24,10,24,7,24,11.1,19,102.9, ,72, ,0,G,999.9,000000
72306013722,6/27/2024,35.89227,-78.78194,120.5,"RALEIGH DURHAM INTERNATIONAL AIRPORT, NC US",84.4,24,68.8,24,1009.1,24,993.9,24,10,24,6.8,24,15,22,102.9, ,77, ,0,G,999.9,000000
72306013722,6/28/2024,35.89227,-78.78194,120.5,"RALEIGH DURHAM INTERNATIONAL AIRPORT, NC US",83.6,24,64.7,24,1014.8,24,999.5,24,10,24,5.3,24,13,19,97, ,73, ,0,G,999.9,000000
72306013722,6/29/2024,35.89227,-78.78194,120.5,"RALEIGH DURHAM INTERNATIONAL AIRPORT, NC US",86.6,24,68.9,24,1018.5,23,003.4,24,10,24,5,24,9.9,17.1,100.9, ,73, ,0,G,999.9,000000
72306013722,6/30/2024,35.89227,-78.78194,120.5,"RALEIGH DURHAM INTERNATIONAL AIRPORT, NC US",87.8,24,73.5,24,1017,24,001.7,24,10,24,7.9,24,12,19,100.9, ,75.9, ,0,G,999.9,010000
72306013722,7/1/2024,35.89227,-78.78194,120.5,"RALEIGH DURHAM INTERNATIONAL AIRPORT, NC US",78.3,24,65.4,24,1016.9,17,000.8,24,9.7,24,7.4,24,14,22,100, ,70, ,0.63,G,999.9,010010
72306013722,7/2/2024,35.89227,-78.78194,120.5,"RALEIGH DURHAM INTERNATIONAL AIRPORT, NC US",73.9,24,54.9,24,1021.8,24,006.3,24,10,24,4.9,24,12,15.9,89.1, ,59, ,0.2,G,999.9,000000
72306013722,7/3/2024,35.89227,-78.78194,120.5,"RALEIGH DURHAM INTERNATIONAL AIRPORT, NC US",80,24,60.9,24,1021.5,24,006.1,24,10,24,4.3,24,8.9,15,93, ,59, ,0,G,999.9,000000
72306013722,7/4/2024,35.89227,-78.78194,120.5,"RALEIGH DURHAM INTERNATIONAL AIRPORT, NC US",86.1,24,67.9,24,1016.2,24,000.9,24,10,24,6.7,24,11.1,15,100.9, ,66.9, ,0,G,999.9,000000
72306013722,7/5/2024,35.89227,-78.78194,120.5,"RALEIGH DURHAM INTERNATIONAL AIRPORT, NC US",87.7,24,73.4,24,1011.6,24,996.5,24,10,24,5.7,24,9.9,18.1,106, ,75, ,0.01,G,999.9,010010
72306013722,7/6/2024,35.89227,-78.78194,120.5,"RALEIGH DURHAM INTERNATIONAL AIRPORT, NC US",87.8,24,73,24,1012.2,24,997,24,9.8,24,4.7,24,8.9,17.1,106, ,75, ,0.01,G,999.9,010010
72306013722,7/7/2024,35.89227,-78.78194,120.5,"RALEIGH DURHAM INTERNATIONAL AIRPORT, NC US",79,24,74.4,24,1015.5,21,000.2,24,9.4,24,4.2,24,9.9,14,102, ,75, ,0.77,G,999.9,010010
72306013722,7/8/2024,35.89227,-78.78194,120.5,"RALEIGH DURHAM INTERNATIONAL AIRPORT, NC US",82.3,24,73.2,24,1016.7,24,001.4,24,9.3,24,4,24,8,999.9,97,*,75,*,0.22,G,999.9,010010
72306013722,7/9/2024,35.89227,-78.78194,120.5,"RALEIGH DURHAM INTERNATIONAL AIRPORT, NC US",86.3,24,73.3,24,1014.9,23,999.8,24,10,24,4.2,24,8,999.9,98.1, ,75, ,0,G,999.9,010010
72306013722,7/10/2024,35.89227,-78.78194,120.5,"RALEIGH DURHAM INTERNATIONAL AIRPORT, NC US",87.7,24,74.9,24,1011.4,21,996.4,24,10,24,8.6,24,13,22.9,98.1, ,77, ,0,G,999.9,010000
72306013722,7/11/2024,35.89227,-78.78194,120.5,"RALEIGH DURHAM INTERNATIONAL AIRPORT, NC US",81.6,24,68.9,24,1013.7,23,998.1,24,9.3,24,4.3,24,15,26,98.1, ,73, ,1.37,G,999.9,110010
72306013722,7/12/2024,35.89227,-78.78194,120.5,"RALEIGH DURHAM INTERNATIONAL AIRPORT, NC US",78.7,24,73.3,24,1017,14,002.2,24,7.5,24,4.7,24,11.1,17.1,91, ,73, ,0,G,999.9,010010
72306013722,7/13/2024,35.89227,-78.78194,120.5,"RALEIGH DURHAM INTERNATIONAL AIRPORT, NC US",81.3,24,73.4,24,1020,18,004.9,24,7.1,24,2.4,24,6,999.9,93, ,75, ,1.08,G,999.9,110000
72306013722,7/14/2024,35.89227,-78.78194,120.5,"RALEIGH DURHAM INTERNATIONAL AIRPORT, NC US",85.8,24,72.4,24,1018.5,24,003.2,24,10,24,3.2,24,8.9,999.9,100, ,73.9, ,0,G,999.9,000000
72306013722,7/15/2024,35.89227,-78.78194,120.5,"RALEIGH DURHAM INTERNATIONAL AIRPORT, NC US",87.4,24,72,24,1015.2,24,000.0,24,10,24,5.7,24,13,18.1,100.9, ,73.9, ,0,G,999.9,000000
72306013722,7/16/2024,35.89227,-78.78194,120.5,"RALEIGH DURHAM INTERNATIONAL AIRPORT, NC US",86.2,24,72.8,24,1013.5,24,998.3,24,10,24,8.2,24,12,20,100.9, ,77, ,0,G,999.9,000000
72306013722,7/17/2024,35.89227,-78.78194,120.5,"RALEIGH DURHAM INTERNATIONAL AIRPORT, NC US",86.3,24,72.9,24,1013.2,24,998,24,10,24,9,24,14,26,97, ,78.1, ,0,G,999.9,010010
72306013722,7/18/2024,35.89227,-78.78194,120.5,"RALEIGH DURHAM INTERNATIONAL AIRPORT, NC US",82,24,72.6,24,1013.4,22,998.2,24,9.5,24,8.4,24,17.1,32.1,97, ,73, ,0,G,999.9,010010
72306013722,7/19/2024,35.89227,-78.78194,120.5,"RALEIGH DURHAM INTERNATIONAL AIRPORT, NC US",77.7,24,72.8,24,1017.2,21,001.7,24,8.6,24,3.5,24,14,22,95, ,73, ,0.46,G,999.9,010010
72306013722,7/20/2024,35.89227,-78.78194,120.5,"RALEIGH DURHAM INTERNATIONAL AIRPORT, NC US",78.3,24,71.9,24,1018.3,17,003.0,24,9.4,24,5,24,14,32.1,90, ,73, ,0.52,G,999.9,110000
72306013722,7/21/2024,35.89227,-78.78194,120.5,"RALEIGH DURHAM INTERNATIONAL AIRPORT, NC US",79,24,71.6,24,1017.4,17,002.2,24,7.3,24,2.4,24,6,999.9,91, ,73, ,0.48,G,999.9,110000
72306013722,7/22/2024,35.89227,-78.78194,120.5,"RALEIGH DURHAM INTERNATIONAL AIRPORT, NC US",78.8,24,72.4,24,1016.8,20,001.5,24,8.8,24,4.5,24,13,26,91, ,73, ,0.49,G,999.9,110010
72306013722,7/23/2024,35.89227,-78.78194,120.5,"RALEIGH DURHAM INTERNATIONAL AIRPORT, NC US",80.9,24,73.9,24,1017.7,23,002.4,24,10,24,6.2,24,12,26,91.9,*,75,*,2.2,G,999.9,010010
72306013722,7/24/2024,35.89227,-78.78194,120.5,"RALEIGH DURHAM INTERNATIONAL AIRPORT, NC US",80.7,24,73.6,24,1020.4,15,004.8,24,9.9,24,7.6,24,14,35,91,*,73.9,*,0.31,G,999.9,010010
72306013722,7/25/2024,35.89227,-78.78194,120.5,"RALEIGH DURHAM INTERNATIONAL AIRPORT, NC US",78.4,24,73.3,24,1020.8,22,005.4,24,8.8,24,3.7,24,8,15.9,91, ,73.9, ,0.01,G,999.9,010010
72306013722,7/26/2024,35.89227,-78.78194,120.5,"RALEIGH DURHAM INTERNATIONAL AIRPORT, NC US",77.9,24,72,24,1018.4,21,003.2,24,8,24,3.3,24,8.9,20,84.9, ,73.9, ,1.45,G,999.9,010000
72306013722,7/27/2024,35.89227,-78.78194,120.5,"RALEIGH DURHAM INTERNATIONAL AIRPORT, NC US",78.2,24,67.7,24,1019,23,003.6,24,9.7,24,6.2,24,9.9,999.9,86, ,71.1, ,0,G,999.9,000000
72306013722,7/28/2024,35.89227,-78.78194,120.5,"RALEIGH DURHAM INTERNATIONAL AIRPORT, NC US",76.9,24,63.9,24,1020.5,24,005.0,24,9.6,24,1.8,24,7,999.9,89.1, ,64, ,0,G,999.9,000000
72306013722,7/29/2024,35.89227,-78.78194,120.5,"RALEIGH DURHAM INTERNATIONAL AIRPORT, NC US",75.3,24,65.7,24,1018.2,23,002.9,24,9.5,24,6,24,8.9,999.9,89.1, ,64, ,0,G,999.9,010000
72306013722,7/30/2024,35.89227,-78.78194,120.5,"RALEIGH DURHAM INTERNATIONAL AIRPORT, NC US",79.6,24,71.5,24,1015.2,21,000.1,24,9.8,24,6.4,24,12,18.1,91.9, ,70, ,0.03,G,999.9,000000
72306013722,7/31/2024,35.89227,-78.78194,120.5,"RALEIGH DURHAM INTERNATIONAL AIRPORT, NC US",82.8,24,72.3,24,1014.6,24,999.4,24,10,24,5.1,24,8.9,999.9,91.9, ,73, ,0,G,999.9,000000
72306013722,8/1/2024,35.89227,-78.78194,120.5,"RALEIGH DURHAM INTERNATIONAL AIRPORT, NC US",85.4,24,73.4,24,1015.9,24,000.8,24,10,24,3.4,24,7,999.9,98.1, ,73, ,0,G,999.9,000000
72306013722,8/2/2024,35.89227,-78.78194,120.5,"RALEIGH DURHAM INTERNATIONAL AIRPORT, NC US",86,24,73.9,24,1014.4,24,999.2,24,9.8,24,5.6,24,15.9,25.1,98.1, ,75, ,0,G,999.9,010010
72306013722,8/3/2024,35.89227,-78.78194,120.5,"RALEIGH DURHAM INTERNATIONAL AIRPORT, NC US",81.4,24,72.5,24,1013.1,22,997.8,24,9.2,24,8.9,24,25.1,35,97, ,71.1, ,0,G,999.9,110010
72306013722,8/4/2024,35.89227,-78.78194,120.5,"RALEIGH DURHAM INTERNATIONAL AIRPORT, NC US",78.7,24,71.6,24,1015.2,22,999.9,24,10,24,7,24,12,17.1,93.9, ,71.1, ,1.37,G,999.9,010000
72306013722,8/5/2024,35.89227,-78.78194,120.5,"RALEIGH DURHAM INTERNATIONAL AIRPORT, NC US",81.8,24,73.9,24,1017.9,20,002.6,24,10,24,5.8,24,8.9,15,91, ,73, ,0.06,G,999.9,000000
72306013722,8/6/2024,35.89227,-78.78194,120.5,"RALEIGH DURHAM INTERNATIONAL AIRPORT, NC US",78.2,24,72.7,24,1015.8,21,000.3,24,9.6,24,4.9,24,9.9,999.9,91, ,75, ,0,G,999.9,010010
72306013722,8/7/2024,35.89227,-78.78194,120.5,"RALEIGH DURHAM INTERNATIONAL AIRPORT, NC US",78,24,73.5,24,1009.3,19,994.3,24,9.5,24,7.6,24,13,20,84.9, ,75, ,0.27,G,999.9,010000
72306013722,8/8/2024,35.89227,-78.78194,120.5,"RALEIGH DURHAM INTERNATIONAL AIRPORT, NC US",78.2,24,74.1,24,1005,16,989.3,24,5.3,24,12.5,24,20,40,84, ,75, ,2.67,G,999.9,110000
72306013722,8/9/2024,35.89227,-78.78194,120.5,"RALEIGH DURHAM INTERNATIONAL AIRPORT, NC US",79.5,24,73.8,24,1008.4,19,992.8,24,7.1,24,9.5,24,14,25.1,91, ,73.9, ,1.98,G,999.9,010010
72306013722,8/10/2024,35.89227,-78.78194,120.5,"RALEIGH DURHAM INTERNATIONAL AIRPORT, NC US",82.2,24,73.2,24,1014.4,24,999,24,9.2,24,2.2,24,11.1,999.9,93, ,73.9, ,0.77,G,999.9,010010
72306013722,8/11/2024,35.89227,-78.78194,120.5,"RALEIGH DURHAM INTERNATIONAL AIRPORT, NC US",82,24,72.5,24,1015.8,24,000.6,24,9.8,24,3.1,24,7,999.9,93, ,75, ,0,G,999.9,000000
72306013722,8/12/2024,35.89227,-78.78194,120.5,"RALEIGH DURHAM INTERNATIONAL AIRPORT, NC US",79.9,24,71,24,1016,24,000.7,24,10,24,3.4,24,7,999.9,86,*,75.9,*,0,G,999.9,010000
72306013722,8/13/2024,35.89227,-78.78194,120.5,"RALEIGH DURHAM INTERNATIONAL AIRPORT, NC US",75,24,68.4,24,1017.6,24,002.2,24,9.6,24,1.9,24,6,999.9,87.1, ,69.1, ,0,G,999.9,010000
72306013722,8/14/2024,35.89227,-78.78194,120.5,"RALEIGH DURHAM INTERNATIONAL AIRPORT, NC US",76.2,24,66.4,24,1018.4,21,002.8,24,8.2,24,2,24,9.9,999.9,88, ,68, ,0.03,G,999.9,100000
72306013722,8/15/2024,35.89227,-78.78194,120.5,"RALEIGH DURHAM INTERNATIONAL AIRPORT, NC US",76.3,24,64.5,24,1018.8,24,003.4,24,9.1,24,2.7,24,7,999.9,89.1, ,66, ,0,G,999.9,000000
72306013722,8/16/2024,35.89227,-78.78194,120.5,"RALEIGH DURHAM INTERNATIONAL AIRPORT, NC US",78.1,24,65.6,24,1017.9,24,002.5,24,9.7,24,2.6,24,8,999.9,91, ,66, ,0,G,999.9,000000
72306013722,8/17/2024,35.89227,-78.78194,120.5,"RALEIGH DURHAM INTERNATIONAL AIRPORT, NC US",82.1,24,69.2,24,1014.4,24,999.1,24,10,24,7.2,24,11.1,19,91, ,66, ,0,G,999.9,000000
72306013722,8/18/2024,35.89227,-78.78194,120.5,"RALEIGH DURHAM INTERNATIONAL AIRPORT, NC US",82.9,24,71.7,24,1010,23,995,24,10,24,7,24,11.1,999.9,91, ,75, ,0,G,999.9,000000
72306013722,8/19/2024,35.89227,-78.78194,120.5,"RALEIGH DURHAM INTERNATIONAL AIRPORT, NC US",78.6,24,66.6,24,1008.7,24,993.4,24,10,24,4.5,24,9.9,20,91, ,68, ,0,G,999.9,010010
72306013722,8/20/2024,35.89227,-78.78194,120.5,"RALEIGH DURHAM INTERNATIONAL AIRPORT, NC US",75.4,24,64.3,24,1013.6,24,998.3,24,10,24,3.8,24,8,999.9,91, ,68, ,0,G,999.9,000000
72306013722,8/21/2024,35.89227,-78.78194,120.5,"RALEIGH DURHAM INTERNATIONAL AIRPORT, NC US",68.8,24,55.4,24,1019.8,24,004.2,24,10,24,4.6,24,9.9,999.9,81, ,59, ,0,G,999.9,000000
72306013722,8/22/2024,35.89227,-78.78194,120.5,"RALEIGH DURHAM INTERNATIONAL AIRPORT, NC US",68.7,24,52.8,24,1023,24,007.3,24,10,24,3.1,24,8,999.9,81, ,54, ,0,G,999.9,000000
72306013722,8/23/2024,35.89227,-78.78194,120.5,"RALEIGH DURHAM INTERNATIONAL AIRPORT, NC US",69.2,24,55.7,24,1025.1,24,009.5,24,10,24,3.1,24,8.9,999.9,82, ,54, ,0,G,999.9,000000
72306013722,8/24/2024,35.89227,-78.78194,120.5,"RALEIGH DURHAM INTERNATIONAL AIRPORT, NC US",71,24,55.9,24,1024.7,24,009.1,24,9.7,24,2.9,24,8.9,999.9,86, ,57, ,0,G,999.9,000000
72306013722,8/25/2024,35.89227,-78.78194,120.5,"RALEIGH DURHAM INTERNATIONAL AIRPORT, NC US",73.3,24,58.7,24,1023.6,24,008.0,24,9.5,24,3.3,24,8,999.9,88, ,57, ,0,G,999.9,100000
72306013722,8/26/2024,35.89227,-78.78194,120.5,"RALEIGH DURHAM INTERNATIONAL AIRPORT, NC US",75.8,24,61.7,24,1022.7,24,007.2,24,9.8,24,2.1,24,6,999.9,93, ,61, ,0,G,999.9,000000
72306013722,8/27/2024,35.89227,-78.78194,120.5,"RALEIGH DURHAM INTERNATIONAL AIRPORT, NC US",80.9,24,66.7,24,1019.7,24,004.4,24,9.9,24,2.3,24,7,999.9,97, ,62.1, ,0,G,999.9,000000
72306013722,8/28/2024,35.89227,-78.78194,120.5,"RALEIGH DURHAM INTERNATIONAL AIRPORT, NC US",83.7,24,69.3,24,1018.5,24,003.2,24,9.9,24,3.8,24,8,999.9,97, ,68, ,0,G,999.9,000000
72306013722,8/29/2024,35.89227,-78.78194,120.5,"RALEIGH DURHAM INTERNATIONAL AIRPORT, NC US",84.6,24,70.3,24,1018.9,24,003.5,24,9.7,24,3.6,24,9.9,17.1,100.9, ,71.1, ,0,G,999.9,010010
72306013722,8/30/2024,35.89227,-78.78194,120.5,"RALEIGH DURHAM INTERNATIONAL AIRPORT, NC US",81.4,24,72.3,24,1020,23,004.5,24,9.5,24,4.3,24,17.1,44.1,100.9, ,72, ,0,G,999.9,010010
72306013722,8/31/2024,35.89227,-78.78194,120.5,"RALEIGH DURHAM INTERNATIONAL AIRPORT, NC US",78.3,24,71.1,24,1018.8,23,003.6,24,8.4,24,2.5,24,5.1,999.9,95, ,72, ,1.74,G,999.9,010000
72306013722,9/1/2024,35.89227,-78.78194,120.5,"RALEIGH DURHAM INTERNATIONAL AIRPORT, NC US",80.2,24,72.7,24,1015.3,21,999.8,24,9.5,24,3.3,24,9.9,22.9,93, ,72, ,0,G,999.9,110010
72306013722,9/2/2024,35.89227,-78.78194,120.5,"RALEIGH DURHAM INTERNATIONAL AIRPORT, NC US",76.1,24,70.9,24,1015.8,19,000.3,24,6.9,24,5.2,24,9.9,18.1,93, ,72, ,2.69,G,999.9,010010
72306013722,9/3/2024,35.89227,-78.78194,120.5,"RALEIGH DURHAM INTERNATIONAL AIRPORT, NC US",71.2,24,56.5,24,1022.2,24,006.7,24,10,24,8.1,24,13,24.1,84, ,62.1, ,0.05,G,999.9,000000
72306013722,9/4/2024,35.89227,-78.78194,120.5,"RALEIGH DURHAM INTERNATIONAL AIRPORT, NC US",68.7,24,58.4,24,1026.3,24,010.6,24,10,24,6.8,24,12,15,81, ,60.1, ,0,G,999.9,000000
72306013722,9/5/2024,35.89227,-78.78194,120.5,"RALEIGH DURHAM INTERNATIONAL AIRPORT, NC US",70.4,24,61.4,24,1025.3,24,009.7,24,10,24,5.9,24,8.9,999.9,81, ,60.1, ,0,G,999.9,000000
72306013722,9/6/2024,35.89227,-78.78194,120.5,"RALEIGH DURHAM INTERNATIONAL AIRPORT, NC US",70.6,24,61.6,24,1019.4,24,004.0,24,9.7,24,1.6,24,7,999.9,82.9, ,61, ,0,G,999.9,000000
72306013722,9/7/2024,35.89227,-78.78194,120.5,"RALEIGH DURHAM INTERNATIONAL AIRPORT, NC US",74.9,24,65.1,24,1012.1,24,996.8,24,10,24,1.8,24,6,999.9,84.9, ,61, ,0,G,999.9,010000
72306013722,9/8/2024,35.89227,-78.78194,120.5,"RALEIGH DURHAM INTERNATIONAL AIRPORT, NC US",68.9,24,54.3,24,1017.3,24,001.8,24,10,24,2.9,24,7,999.9,84.9, ,57, ,0,G,999.9,000000
72306013722,9/9/2024,35.89227,-78.78194,120.5,"RALEIGH DURHAM INTERNATIONAL AIRPORT, NC US",67.3,24,55.2,24,1020.9,24,005.2,24,9.7,24,1.6,24,6,999.9,80.1, ,55, ,0,G,999.9,000000
72306013722,9/10/2024,35.89227,-78.78194,120.5,"RALEIGH DURHAM INTERNATIONAL AIRPORT, NC US",68.9,24,56.2,24,1020.4,24,004.8,24,10,24,1.7,24,6,999.9,84.9, ,55, ,0,G,999.9,000000
72306013722,9/11/2024,35.89227,-78.78194,120.5,"RALEIGH DURHAM INTERNATIONAL AIRPORT, NC US",71,24,56.5,24,1020.7,24,005.1,24,10,24,3.4,24,11.1,999.9,84.9, ,55, ,0,G,999.9,000000
72306013722,9/12/2024,35.89227,-78.78194,120.5,"RALEIGH DURHAM INTERNATIONAL AIRPORT, NC US",70.6,24,58.8,24,1020.4,24,004.9,24,10,24,5.2,24,8,15.9,84, ,57, ,0,G,999.9,000000
72306013722,9/13/2024,35.89227,-78.78194,120.5,"RALEIGH DURHAM INTERNATIONAL AIRPORT, NC US",72.2,24,66.5,24,1019.5,21,004.1,24,7.7,24,6.9,24,9.9,17.1,82, ,62.1, ,0.3,G,999.9,010010
72306013722,9/14/2024,35.89227,-78.78194,120.5,"RALEIGH DURHAM INTERNATIONAL AIRPORT, NC US",74.8,24,67,24,1019.3,19,003.9,24,9.8,24,8.5,24,14,22.9,82.9, ,68, ,1.31,G,999.9,010000
72306013722,9/15/2024,35.89227,-78.78194,120.5,"RALEIGH DURHAM INTERNATIONAL AIRPORT, NC US",73.8,24,66.1,24,1020.7,22,005.2,24,10,24,9.2,24,14,22,82.9, ,71.1, ,0,G,999.9,000000
72306013722,9/16/2024,35.89227,-78.78194,120.5,"RALEIGH DURHAM INTERNATIONAL AIRPORT, NC US",69,24,63.9,24,1019.4,22,003.8,24,7.1,24,10,24,17.1,26,81, ,66, ,0.01,G,999.9,010010
72306013722,9/17/2024,35.89227,-78.78194,120.5,"RALEIGH DURHAM INTERNATIONAL AIRPORT, NC US",73.2,24,70.1,24,1013.6,21,998.1,24,1.9,24,7.9,24,18.1,28,78.1, ,66, ,2.26,G,999.9,010010
72306013722,9/18/2024,35.89227,-78.78194,120.5,"RALEIGH DURHAM INTERNATIONAL AIRPORT, NC US",73.4,24,67.8,24,1013.6,24,998.3,24,6.3,24,1.7,24,8.9,999.9,84.9, ,64.9, ,0.47,G,999.9,100000
72306013722,9/19/2024,35.89227,-78.78194,120.5,"RALEIGH DURHAM INTERNATIONAL AIRPORT, NC US",73.6,24,69.1,24,1012.4,21,997.1,24,8.2,24,4.4,24,8.9,17.1,84.9, ,64.9, ,0.1,G,999.9,010000
72306013722,9/20/2024,35.89227,-78.78194,120.5,"RALEIGH DURHAM INTERNATIONAL AIRPORT, NC US",74.2,24,66.7,24,1012.3,24,996.9,24,8.6,24,2.3,24,8,999.9,86, ,66, ,0.12,G,999.9,000000
72306013722,9/21/2024,35.89227,-78.78194,120.5,"RALEIGH DURHAM INTERNATIONAL AIRPORT, NC US",74.8,24,65.5,24,1015,24,999.6,24,9.8,24,3.5,24,7,999.9,86, ,64, ,0,G,999.9,000000
72306013722,9/22/2024,35.89227,-78.78194,120.5,"RALEIGH DURHAM INTERNATIONAL AIRPORT, NC US",74.9,24,67.8,24,1013.1,22,997.9,24,9.4,24,6.1,24,12,25.1,86, ,64, ,1.43,G,999.9,010010
72306013722,9/23/2024,35.89227,-78.78194,120.5,"RALEIGH DURHAM INTERNATIONAL AIRPORT, NC US",72.5,24,66.5,24,1015.1,20,999.7,24,9.6,24,4.6,24,9.9,999.9,82.9, ,68, ,0.61,G,999.9,010000
72306013722,9/24/2024,35.89227,-78.78194,120.5,"RALEIGH DURHAM INTERNATIONAL AIRPORT, NC US",74.1,24,69.9,24,1014.5,20,999.4,24,7.9,24,3.9,24,8.9,999.9,81, ,68, ,0.42,G,999.9,010010
72306013722,9/25/2024,35.89227,-78.78194,120.5,"RALEIGH DURHAM INTERNATIONAL AIRPORT, NC US",78,24,71.3,24,1015,17,999.9,24,8,24,5.5,24,12,999.9,88, ,71.1, ,1.59,G,999.9,110010
72306013722,9/26/2024,35.89227,-78.78194,120.5,"RALEIGH DURHAM INTERNATIONAL AIRPORT, NC US",77.1,24,72,24,1014.6,23,999.4,24,9.4,24,6.3,24,12,999.9,88, ,71.1, ,0.51,G,999.9,010000
72306013722,9/27/2024,35.89227,-78.78194,120.5,"RALEIGH DURHAM INTERNATIONAL AIRPORT, NC US",78.6,24,74,24,1007.1,21,991.8,24,8.9,24,10.8,24,21,35,86, ,73.9, ,0.41,G,999.9,010010
72306013722,9/28/2024,35.89227,-78.78194,120.5,"RALEIGH DURHAM INTERNATIONAL AIRPORT, NC US",76.6,24,67.4,24,1009.2,24,993.9,24,10,24,5.9,24,13,19,86, ,68, ,1.46,G,999.9,000000
72306013722,9/29/2024,35.89227,-78.78194,120.5,"RALEIGH DURHAM INTERNATIONAL AIRPORT, NC US",75.6,24,68.7,24,1011,24,995.6,24,9,24,3.1,24,8,14,89.1, ,68, ,0,G,999.9,110000
72306013722,9/30/2024,35.89227,-78.78194,120.5,"RALEIGH DURHAM INTERNATIONAL AIRPORT, NC US",74,24,70.9,24,1012,24,996.8,24,6,24,1.3,24,7,999.9,89.1, ,68, ,0.08,G,999.9,010000
72306013722,10/1/2024,35.89227,-78.78194,120.5,"RALEIGH DURHAM INTERNATIONAL AIRPORT, NC US",73.2,24,68.6,24,1012,20,996.7,24,8.3,24,2.9,24,7,999.9,81, ,69.1, ,0.32,G,999.9,010000
72306013722,10/2/2024,35.89227,-78.78194,120.5,"RALEIGH DURHAM INTERNATIONAL AIRPORT, NC US",72.7,24,65.8,24,1013.7,22,998.3,24,10,24,3,24,7,999.9,82, ,68, ,0,G,999.9,010000
72306013722,10/3/2024,35.89227,-78.78194,120.5,"RALEIGH DURHAM INTERNATIONAL AIRPORT, NC US",71,24,64.8,24,1018.1,23,002.6,24,8.2,24,2.7,24,7,999.9,82, ,64.9, ,0,G,999.9,100000
72306013722,10/4/2024,35.89227,-78.78194,120.5,"RALEIGH DURHAM INTERNATIONAL AIRPORT, NC US",71.9,24,63.5,24,1021.6,24,006.1,24,10,24,2.1,24,5.1,999.9,82.9, ,63, ,0,G,999.9,000000
72306013722,10/5/2024,35.89227,-78.78194,120.5,"RALEIGH DURHAM INTERNATIONAL AIRPORT, NC US",73.2,24,65.8,24,1020.2,24,004.7,24,9.6,24,3.2,24,9.9,999.9,84.9, ,63, ,0,G,999.9,000000
72306013722,10/6/2024,35.89227,-78.78194,120.5,"RALEIGH DURHAM INTERNATIONAL AIRPORT, NC US",71.7,24,63.8,24,1019,24,003.7,24,9.2,24,2,24,6,999.9,84.9, ,64.9, ,0,G,999.9,000000
72306013722,10/7/2024,35.89227,-78.78194,120.5,"RALEIGH DURHAM INTERNATIONAL AIRPORT, NC US",71.1,24,59.3,24,1012.9,24,997.5,24,10,24,3.3,24,7,999.9,84.9, ,62.1, ,0,G,999.9,000000
72306013722,10/8/2024,35.89227,-78.78194,120.5,"RALEIGH DURHAM INTERNATIONAL AIRPORT, NC US",65,24,51.2,24,1013.8,24,998.5,24,10,24,5.8,24,9.9,999.9,84.9, ,55.9, ,0,G,999.9,000000
72306013722,10/9/2024,35.89227,-78.78194,120.5,"RALEIGH DURHAM INTERNATIONAL AIRPORT, NC US",60.8,24,49.4,24,1015.9,24,000.3,24,10,24,1.3,24,4.1,999.9,75.9, ,48.9, ,0,G,999.9,000000
72306013722,10/10/2024,35.89227,-78.78194,120.5,"RALEIGH DURHAM INTERNATIONAL AIRPORT, NC US",62,24,46.1,24,1017.2,24,001.5,24,10,24,7.4,24,17.1,26,75.9, ,48.9, ,0,G,999.9,000000
72306013722,10/11/2024,35.89227,-78.78194,120.5,"RALEIGH DURHAM INTERNATIONAL AIRPORT, NC US",56.7,24,43.2,24,1022,24,006.2,24,10,24,2,24,5.1,999.9,72, ,44.1, ,0,G,999.9,000000
72306013722,10/12/2024,35.89227,-78.78194,120.5,"RALEIGH DURHAM INTERNATIONAL AIRPORT, NC US",61.1,24,47.8,24,1019.5,24,003.7,24,10,24,3,24,8.9,999.9,80.1, ,44.1, ,0,G,999.9,000000
72306013722,10/13/2024,35.89227,-78.78194,120.5,"RALEIGH DURHAM INTERNATIONAL AIRPORT, NC US",65.5,24,50.6,24,1016.1,24,000.5,24,10,24,5.9,24,15,22,81, ,48.9, ,0,G,999.9,000000
72306013722,10/14/2024,35.89227,-78.78194,120.5,"RALEIGH DURHAM INTERNATIONAL AIRPORT, NC US",69.4,24,47.8,24,1010.5,24,995.1,24,10,24,8.9,24,14,24.1,81, ,53.1, ,0,G,999.9,000000
72306013722,10/15/2024,35.89227,-78.78194,120.5,"RALEIGH DURHAM INTERNATIONAL AIRPORT, NC US",55.1,24,39.5,24,1015.6,24,000.0,24,10,24,2,24,7,999.9,75.9, ,42.1, ,0,G,999.9,000000
72306013722,10/16/2024,35.89227,-78.78194,120.5,"RALEIGH DURHAM INTERNATIONAL AIRPORT, NC US",54.2,24,39.6,24,1019.4,24,003.6,24,10,24,4.1,24,9.9,21,66.9, ,42.1, ,0.01,G,999.9,010000
72306013722,10/17/2024,35.89227,-78.78194,120.5,"RALEIGH DURHAM INTERNATIONAL AIRPORT, NC US",52.8,24,37.3,24,1024.1,24,008.2,24,10,24,3.9,24,11.1,20,64, ,44.1, ,0,H,999.9,010000
72306013722,10/18/2024,35.89227,-78.78194,120.5,"RALEIGH DURHAM INTERNATIONAL AIRPORT, NC US",51.9,24,39.1,24,1029.4,24,013.4,24,10,24,2.5,24,8.9,19,70, ,37.9, ,0,G,999.9,000000
72306013722,10/19/2024,35.89227,-78.78194,120.5,"RALEIGH DURHAM INTERNATIONAL AIRPORT, NC US",55.3,24,41.5,24,1032.2,24,016.2,24,10,24,2.1,24,8.9,14,73, ,37.9, ,0,G,999.9,000000
72306013722,10/20/2024,35.89227,-78.78194,120.5,"RALEIGH DURHAM INTERNATIONAL AIRPORT, NC US",56.9,24,45.5,24,1028.9,24,012.9,24,10,24,1.3,24,5.1,999.9,75, ,41, ,0,G,999.9,000000
72306013722,10/21/2024,35.89227,-78.78194,120.5,"RALEIGH DURHAM INTERNATIONAL AIRPORT, NC US",59.3,24,47.3,24,1025.5,24,009.6,24,9.6,24,1.7,24,8,999.9,78.1, ,43, ,0,G,999.9,000000
72306013722,10/22/2024,35.89227,-78.78194,120.5,"RALEIGH DURHAM INTERNATIONAL AIRPORT, NC US",60,24,47,24,1024.8,24,009.0,24,9.8,24,0.7,24,2.9,999.9,79, ,44.1, ,0,G,999.9,000000
72306013722,10/23/2024,35.89227,-78.78194,120.5,"RALEIGH DURHAM INTERNATIONAL AIRPORT, NC US",62.8,24,51,24,1020.8,24,005.0,24,10,24,2,24,8,999.9,80.1, ,44.1, ,0,G,999.9,000000
72306013722,10/24/2024,35.89227,-78.78194,120.5,"RALEIGH DURHAM INTERNATIONAL AIRPORT, NC US",65,24,52,24,1015.4,24,999.9,24,10,24,2.4,24,8.9,14,80.1, ,50, ,0,G,999.9,000000
72306013722,10/25/2024,35.89227,-78.78194,120.5,"RALEIGH DURHAM INTERNATIONAL AIRPORT, NC US",58.5,24,45.2,24,1021.6,24,005.9,24,10,24,2.9,24,8.9,15.9,75.9, ,43, ,0,G,999.9,000000
72306013722,10/26/2024,35.89227,-78.78194,120.5,"RALEIGH DURHAM INTERNATIONAL AIRPORT, NC US",66.4,24,52.9,24,1021.4,24,005.8,24,10,24,2.5,24,8,999.9,82.9, ,43, ,0,G,999.9,000000
72306013722,10/27/2024,35.89227,-78.78194,120.5,"RALEIGH DURHAM INTERNATIONAL AIRPORT, NC US",59.9,24,49.3,24,1026.6,24,010.9,24,10,24,5.5,24,13,19,82.9, ,53.1, ,0.1,G,999.9,010000
72306013722,10/28/2024,35.89227,-78.78194,120.5,"RALEIGH DURHAM INTERNATIONAL AIRPORT, NC US",55.1,24,46.9,24,1028.3,24,012.3,24,8.9,24,1.5,24,5.1,999.9,70, ,44.1, ,0,I,999.9,000000
72306013722,10/29/2024,35.89227,-78.78194,120.5,"RALEIGH DURHAM INTERNATIONAL AIRPORT, NC US",57.3,24,48.2,24,1029.6,23,013.5,24,10,24,2,24,6,999.9,73.9, ,44.1, ,0,G,999.9,000000
72306013722,10/30/2024,35.89227,-78.78194,120.5,"RALEIGH DURHAM INTERNATIONAL AIRPORT, NC US",67.2,24,57.4,24,1029.6,24,013.8,24,10,24,2.6,24,11.1,999.9,82.9, ,44.1, ,0,G,999.9,000000
72306013722,10/31/2024,35.89227,-78.78194,120.5,"RALEIGH DURHAM INTERNATIONAL AIRPORT, NC US",69.8,24,58.9,24,1025.7,24,010.1,24,10,24,6.2,24,12,18.1,82.9, ,55.9, ,0,G,999.9,000000
72306013722,11/1/2024,35.89227,-78.78194,120.5,"RALEIGH DURHAM INTERNATIONAL AIRPORT, NC US",70.8,24,61.1,24,1021.9,24,006.4,24,10,24,7.6,24,12,18.1,82, ,60.1, ,0,G,999.9,000000
72306013722,11/2/2024,35.89227,-78.78194,120.5,"RALEIGH DURHAM INTERNATIONAL AIRPORT, NC US",67.8,24,54.7,24,1024.1,24,008.5,24,9.9,24,4,24,9.9,999.9,80.1, ,59, ,0,G,999.9,000000
72306013722,11/3/2024,35.89227,-78.78194,120.5,"RALEIGH DURHAM INTERNATIONAL AIRPORT, NC US",57.3,24,43,24,1027.6,24,011.7,24,10,24,5.5,24,9.9,15,72, ,44.1, ,0,G,999.9,000000
72306013722,11/4/2024,35.89227,-78.78194,120.5,"RALEIGH DURHAM INTERNATIONAL AIRPORT, NC US",57.7,24,48.2,24,1028.5,24,012.6,24,10,24,5,24,7,999.9,72, ,44.1, ,0,G,999.9,000000
72306013722,11/5/2024,35.89227,-78.78194,120.5,"RALEIGH DURHAM INTERNATIONAL AIRPORT, NC US",64.6,24,56.8,24,1024.1,21,008.7,24,7.8,24,3.5,24,12,17.1,81, ,48.9, ,0,G,999.9,100000
72306013722,11/6/2024,35.89227,-78.78194,120.5,"RALEIGH DURHAM INTERNATIONAL AIRPORT, NC US",69.7,24,60.5,24,1021.4,24,005.8,24,9.8,24,4,24,9.9,999.9,84, ,54, ,0,G,999.9,000000
72306013722,11/7/2024,35.89227,-78.78194,120.5,"RALEIGH DURHAM INTERNATIONAL AIRPORT, NC US",73.1,24,66,24,1020.1,22,004.6,24,9.1,24,3.8,24,12,999.9,84, ,57.9, ,0.04,G,999.9,010000
72306013722,11/8/2024,35.89227,-78.78194,120.5,"RALEIGH DURHAM INTERNATIONAL AIRPORT, NC US",70.9,24,65.3,24,1018.3,19,002.9,24,6.4,24,3.6,24,7,999.9,82, ,66.9, ,0.03,G,999.9,100000
72306013722,11/9/2024,35.89227,-78.78194,120.5,"RALEIGH DURHAM INTERNATIONAL AIRPORT, NC US",62.4,24,44.1,24,1022.6,24,006.9,24,10,24,5.3,24,14,22.9,81, ,50, ,0,G,999.9,000000
72306013722,11/10/2024,35.89227,-78.78194,120.5,"RALEIGH DURHAM INTERNATIONAL AIRPORT, NC US",54.5,24,43.9,24,1025.8,24,010.0,24,10,24,3.7,24,8,999.9,68, ,43, ,0,G,999.9,000000
72306013722,11/11/2024,35.89227,-78.78194,120.5,"RALEIGH DURHAM INTERNATIONAL AIRPORT, NC US",64,24,59.1,24,1014.7,18,999.1,24,6.7,24,4.8,24,8.9,999.9,73.9,*,60.1,*,0.39,G,999.9,010000
72306013722,11/12/2024,35.89227,-78.78194,120.5,"RALEIGH DURHAM INTERNATIONAL AIRPORT, NC US",62,24,48.4,24,1015.4,24,999.7,24,9.9,24,4.3,24,9.9,15.9,75, ,51.1, ,0.24,G,999.9,000000
72306013722,11/13/2024,35.89227,-78.78194,120.5,"RALEIGH DURHAM INTERNATIONAL AIRPORT, NC US",50.7,24,34,24,1027.6,24,011.6,24,10,24,6.8,24,11.1,999.9,71.1, ,41, ,0,G,999.9,000000
72306013722,11/14/2024,35.89227,-78.78194,120.5,"RALEIGH DURHAM INTERNATIONAL AIRPORT, NC US",48.4,24,41.6,24,1022.1,24,006.2,24,9,24,5.1,24,11.1,20,60.1, ,41, ,0,G,999.9,010000
72306013722,11/15/2024,35.89227,-78.78194,120.5,"RALEIGH DURHAM INTERNATIONAL AIRPORT, NC US",52.9,24,47.2,24,1013.6,20,997.7,24,7.1,24,5.1,24,9.9,19,61, ,43, ,1.37,G,999.9,110000
72306013722,11/16/2024,35.89227,-78.78194,120.5,"RALEIGH DURHAM INTERNATIONAL AIRPORT, NC US",52.3,24,43,24,1016.5,24,000.6,24,10,24,1.7,24,7,999.9,66, ,41, ,0.01,G,999.9,000000
72306013722,11/17/2024,35.89227,-78.78194,120.5,"RALEIGH DURHAM INTERNATIONAL AIRPORT, NC US",50.9,24,42.2,24,1019.9,24,004.0,24,10,24,1.9,24,8.9,999.9,66.9,*,39,*,0,G,999.9,100000
72306013722,11/18/2024,35.89227,-78.78194,120.5,"RALEIGH DURHAM INTERNATIONAL AIRPORT, NC US",58.5,24,48.6,24,1016.2,24,000.5,24,9.9,24,2.7,24,5.1,999.9,73.9,*,48,*,0,G,999.9,000000
72306013722,11/19/2024,35.89227,-78.78194,120.5,"RALEIGH DURHAM INTERNATIONAL AIRPORT, NC US",60.6,24,51.9,24,1013.9,24,998.3,24,9.9,24,2.6,24,9.9,19,71.1,*,51.1,*,0,G,999.9,000000
72306013722,11/20/2024,35.89227,-78.78194,120.5,"RALEIGH DURHAM INTERNATIONAL AIRPORT, NC US",63.8,24,59.3,24,1009.3,16,992.9,24,6.8,24,5.6,24,8,999.9,66.9,*,61,*,0,G,999.9,010000
72306013722,11/21/2024,35.89227,-78.78194,120.5,"RALEIGH DURHAM INTERNATIONAL AIRPORT, NC US",52.9,24,32.8,24,1006.5,23,990.8,24,9.3,24,6.9,24,17.1,32.1,66,*,39.9,*,0.16,G,999.9,010000
72306013722,11/22/2024,35.89227,-78.78194,120.5,"RALEIGH DURHAM INTERNATIONAL AIRPORT, NC US",44.1,24,23.9,24,1006.5,24,990.8,24,10,24,6.5,24,13,27,60.1, ,33.1, ,0,G,999.9,000000
72306013722,11/23/2024,35.89227,-78.78194,120.5,"RALEIGH DURHAM INTERNATIONAL AIRPORT, NC US",48.1,24,31.7,24,1010.5,24,994.7,24,10,24,6.9,24,12,21,62.1, ,33.1, ,0,G,999.9,000000
72306013722,11/24/2024,35.89227,-78.78194,120.5,"RALEIGH DURHAM INTERNATIONAL AIRPORT, NC US",49.6,24,36.4,24,1017.9,24,002.0,24,10,24,3,24,8.9,999.9,64.9, ,36, ,0,G,999.9,000000
72306013722,11/25/2024,35.89227,-78.78194,120.5,"RALEIGH DURHAM INTERNATIONAL AIRPORT, NC US",53.5,24,40.4,24,1018.8,24,003.0,24,9.7,24,2.2,24,11.1,999.9,73, ,36, ,0,G,999.9,000000
72306013722,11/26/2024,35.89227,-78.78194,120.5,"RALEIGH DURHAM INTERNATIONAL AIRPORT, NC US",60.2,24,49.1,24,1015.5,24,999.8,24,9.5,24,4.9,24,8.9,999.9,69.1,*,55,*,0,G,999.9,010000
72306013722,11/27/2024,35.89227,-78.78194,120.5,"RALEIGH DURHAM INTERNATIONAL AIRPORT, NC US",50.6,24,36.4,24,1017.2,24,001.6,24,10,24,2.2,24,5.1,999.9,69.1, ,39, ,0.03,G,999.9,000000
72306013722,11/28/2024,35.89227,-78.78194,120.5,"RALEIGH DURHAM INTERNATIONAL AIRPORT, NC US",60.6,24,51.6,24,1008.5,21,992.5,24,8.5,24,8.6,24,15.9,25.1,66.9,*,55,*,0,G,999.9,010010
72306013722,11/29/2024,35.89227,-78.78194,120.5,"RALEIGH DURHAM INTERNATIONAL AIRPORT, NC US",45.9,24,30.5,24,1016,24,000.2,24,10,24,2.8,24,9.9,19,69.1, ,32, ,0.35,G,999.9,000000
72306013722,11/30/2024,35.89227,-78.78194,120.5,"RALEIGH DURHAM INTERNATIONAL AIRPORT, NC US",38.5,24,17.6,24,1021.7,24,005.6,24,10,24,4.3,24,11.1,18.1,55, ,28, ,0,G,999.9,000000
72306013722,12/1/2024,35.89227,-78.78194,120.5,"RALEIGH DURHAM INTERNATIONAL AIRPORT, NC US",37.5,11,20.9,11,1022.2,11,006.8,5,10,11,1.1,11,2.9,999.9,53.1, ,28, ,0,G,999.9,000000
72306013722,12/2/2024,35.89227,-78.78194,120.5,"RALEIGH DURHAM INTERNATIONAL AIRPORT, NC US",40.6,24,19.8,24,1023.7,24,999.9,0,10,24,3.6,24,9.9,19,53.1, ,30, ,0,I,999.9,000000
72306013722,12/3/2024,35.89227,-78.78194,120.5,"RALEIGH DURHAM INTERNATIONAL AIRPORT, NC US",33.5,19,15.4,19,1028,19,999.9,0,10,19,2.1,19,7,999.9,45, ,28.9, ,0,I,999.9,000000
72306013722,12/4/2024,35.89227,-78.78194,120.5,"RALEIGH DURHAM INTERNATIONAL AIRPORT, NC US",34.5,24,16.6,24,1027.7,24,999.9,0,10,24,4.5,24,14,22,48.9, ,24.1, ,0,I,999.9,000000
72306013722,12/5/2024,35.89227,-78.78194,120.5,"RALEIGH DURHAM INTERNATIONAL AIRPORT, NC US",48.5,24,22.9,24,1013.1,24,999.9,0,10,24,11.6,24,17.1,27,59,*,41,*,0,I,999.9,000000
72306013722,12/6/2024,35.89227,-78.78194,120.5,"RALEIGH DURHAM INTERNATIONAL AIRPORT, NC US",33.1,24,8.8,24,1024.8,24,999.9,0,10,24,5.1,24,8.9,18.1,41,*,25,*,0,I,999.9,000000
72306013722,12/7/2024,35.89227,-78.78194,120.5,"RALEIGH DURHAM INTERNATIONAL AIRPORT, NC US",33.1,24,13,24,1026.4,24,999.9,0,10,24,1.9,24,8,14,51.1, ,21, ,0,I,999.9,000000
72306013722,12/8/2024,35.89227,-78.78194,120.5,"RALEIGH DURHAM INTERNATIONAL AIRPORT, NC US",46.5,24,24.1,24,1019.9,24,999.9,0,10,24,8.2,24,14,18.1,69.1, ,21, ,0,I,999.9,000000
72306013722,12/9/2024,35.89227,-78.78194,120.5,"RALEIGH DURHAM INTERNATIONAL AIRPORT, NC US",53.4,24,40.8,24,1017.9,24,999.9,0,9,24,8.8,24,14,21,69.1, ,34, ,0.13,G,999.9,010000
72306013722,12/10/2024,35.89227,-78.78194,120.5,"RALEIGH DURHAM INTERNATIONAL AIRPORT, NC US",60.1,24,55.5,24,1016.6,18,999.9,0,6.3,24,5.2,24,12,999.9,69.1, ,48, ,0.25,G,999.9,110000
72306013722,12/11/2024,35.89227,-78.78194,120.5,"RALEIGH DURHAM INTERNATIONAL AIRPORT, NC US",63.1,24,58.4,24,1009.1,19,999.9,0,8,24,9.4,24,17.1,28,69.1, ,46, ,0.23,G,999.9,010000
72306013722,12/12/2024,35.89227,-78.78194,120.5,"RALEIGH DURHAM INTERNATIONAL AIRPORT, NC US",40.8,24,24.1,24,1024.2,24,999.9,0,10,24,5.3,24,13,28,50,*,32,*,0.94,G,999.9,000000
72306013722,12/13/2024,35.89227,-78.78194,120.5,"RALEIGH DURHAM INTERNATIONAL AIRPORT, NC US",41.3,24,28.1,24,1034.5,24,999.9,0,10,24,0.7,24,4.1,999.9,57.9, ,30, ,0,G,999.9,000000
72306013722,12/14/2024,35.89227,-78.78194,120.5,"RALEIGH DURHAM INTERNATIONAL AIRPORT, NC US",44.4,24,32.8,24,1040.1,23,999.9,0,10,24,5,24,8.9,15.9,57.9, ,30, ,0,I,999.9,000000
72306013722,12/15/2024,35.89227,-78.78194,120.5,"RALEIGH DURHAM INTERNATIONAL AIRPORT, NC US",44.1,24,36,24,1037,22,999.9,0,10,24,6.7,24,9.9,999.9,53.1, ,37, ,0,I,999.9,000000
72306013722,12/16/2024,35.89227,-78.78194,120.5,"RALEIGH DURHAM INTERNATIONAL AIRPORT, NC US",47.3,24,42.5,24,1029.1,21,999.9,0,7,24,2.5,24,6,999.9,55.9, ,37.9, ,0,H,999.9,010000
72306013722,12/17/2024,35.89227,-78.78194,120.5,"RALEIGH DURHAM INTERNATIONAL AIRPORT, NC US",56.8,24,51,24,1024.6,24,999.9,0,9.6,24,5.6,24,9.9,999.9,71.1, ,42.1, ,0,I,999.9,000000
72306013722,12/18/2024,35.89227,-78.78194,120.5,"RALEIGH DURHAM INTERNATIONAL AIRPORT, NC US",63.1,19,56.7,19,1022.2,18,999.9,0,9.1,19,5.5,19,14,21,73, ,48, ,0,I,999.9,000000
72306013722,12/19/2024,35.89227,-78.78194,120.5,"RALEIGH DURHAM INTERNATIONAL AIRPORT, NC US",55.7,24,47.2,24,1021.5,20,999.9,0,9.3,24,5.7,24,14,21,73, ,48, ,0.18,G,999.9,110000
72306013722,12/20/2024,35.89227,-78.78194,120.5,"RALEIGH DURHAM INTERNATIONAL AIRPORT, NC US",46.3,24,37.2,24,1017.3,22,999.9,0,9.8,24,4.1,24,8,999.9,61, ,43, ,0,G,999.9,010000
72306013722,12/21/2024,35.89227,-78.78194,120.5,"RALEIGH DURHAM INTERNATIONAL AIRPORT, NC US",43.5,24,29.2,24,1019.2,24,999.9,0,10,24,3.3,24,11.1,22.9,53.1, ,37, ,0.01,G,999.9,010000
72306013722,12/22/2024,35.89227,-78.78194,120.5,"RALEIGH DURHAM INTERNATIONAL AIRPORT, NC US",33.6,24,16.1,24,1029.5,24,999.9,0,10,24,2.8,24,8,999.9,50, ,25, ,0,G,999.9,000000
72306013722,12/23/2024,35.89227,-78.78194,120.5,"RALEIGH DURHAM INTERNATIONAL AIRPORT, NC US",32,24,16.1,24,1034.4,24,999.9,0,10,24,3.1,24,8,999.9,43, ,21.9, ,0,I,999.9,000000
72306013722,12/24/2024,35.89227,-78.78194,120.5,"RALEIGH DURHAM INTERNATIONAL AIRPORT, NC US",41,24,22.1,24,1028.4,24,999.9,0,10,24,1.6,24,6,999.9,59, ,21.9, ,0,I,999.9,000000
72306013722,12/25/2024,35.89227,-78.78194,120.5,"RALEIGH DURHAM INTERNATIONAL AIRPORT, NC US",42.9,24,30.9,24,1026.6,24,999.9,0,10,24,3.4,24,8,15,59, ,28.9, ,0,I,999.9,000000
72306013722,12/26/2024,35.89227,-78.78194,120.5,"RALEIGH DURHAM INTERNATIONAL AIRPORT, NC US",41,24,30.9,24,1028.6,24,999.9,0,10,24,3.8,24,9.9,999.9,54, ,30.9, ,0,I,999.9,000000
72306013722,12/27/2024,35.89227,-78.78194,120.5,"RALEIGH DURHAM INTERNATIONAL AIRPORT, NC US",42.2,24,34.8,24,1028.3,23,999.9,0,7.6,24,5.5,24,8,999.9,51.1, ,30.9, ,0.12,B,999.9,010000
72306013722,12/28/2024,35.89227,-78.78194,120.5,"RALEIGH DURHAM INTERNATIONAL AIRPORT, NC US",50.9,24,47.4,24,1024.4,23,999.9,0,6,24,1.8,24,4.1,999.9,66, ,39, ,0,H,999.9,010000
72306013722,12/29/2024,35.89227,-78.78194,120.5,"RALEIGH DURHAM INTERNATIONAL AIRPORT, NC US",63.9,24,57.9,24,1017.1,24,999.9,0,9.7,24,9.8,24,22,42,71.1, ,45, ,0.01,G,999.9,010000
72306013722,12/30/2024,35.89227,-78.78194,120.5,"RALEIGH DURHAM INTERNATIONAL AIRPORT, NC US",58.7,24,48.9,24,1010.3,23,999.9,0,10,24,7.8,24,13,22,71.1, ,48.9, ,0.09,G,999.9,000000
72306013722,12/31/2024,35.89227,-78.78194,120.5,"RALEIGH DURHAM INTERNATIONAL AIRPORT, NC US",53.4,24,45.3,24,1010.4,22,999.9,0,9.5,24,5.4,24,15.9,26,68, ,42.1, ,0,G,999.9,000000
,,,,,,,,,,,,,,,,,,,,,,,,,,,
,,,,,,77.28300654,,65.64313725,,,,,,,,,,,,,,,,,,,
,,,,,,64.6,,44.9,,,,,,,,,,,,,,,,,,,
,,,,,,88.4,,74.9,,,,,,,,,,,,,,,,,,,
